MAINTENANCE_AGENCY_ID,CUBE_MAPPING_ID,NAME,CODE,SOURCE_CUBE_ID,DESTINATION_CUBE_ID,DESCRIPTION
ECB,M_F_00.01_REF_FINREP,F_00.01-->F_00.01_REF__FINREP,M_F_00.01_REF_FINREP,EBA_FINREP_EBA_F_00.01_FINREP,FINREP_REF_F_00.01_REF_FINREP,"Mapping cubes, source cube: F_00.01, target cube: F_00.01_REF, version: FINREP"
ECB,M_F_05.01_REF_FINREP 2.8,F_05.01-->F_05.01_REF__FINREP 2.8,M_F_05.01_REF_FINREP 2.8,EBA_FINREP_EBA_F_05.01_FINREP_2.8,FINREP_REF_F_05.01_REF_FINREP 2.8,"Mapping cubes, source cube: F_05.01, target cube: F_05.01_REF, version: FINREP 2.8"
ECB,M_F_24.02_REF_FINREP 2.9,F_24.02-->F_24.02_REF__FINREP 2.9,M_F_24.02_REF_FINREP 2.9,EBA_FINREP_EBA_F_24.02_FINREP_2.9,FINREP_REF_F_24.02_REF_FINREP 2.9,"Mapping cubes, source cube: F_24.02, target cube: F_24.02_REF, version: FINREP 2.9"
ECB,M_F_23.03_REF_FINREP 2.9,F_23.03-->F_23.03_REF__FINREP 2.9,M_F_23.03_REF_FINREP 2.9,EBA_FINREP_EBA_F_23.03_FINREP_2.9,FINREP_REF_F_23.03_REF_FINREP 2.9,"Mapping cubes, source cube: F_23.03, target cube: F_23.03_REF, version: FINREP 2.9"
ECB,M_F_18.01_REF_FINREP 2.9,F_18.01-->F_18.01_REF__FINREP 2.9,M_F_18.01_REF_FINREP 2.9,EBA_FINREP_EBA_F_18.01_FINREP_2.9,FINREP_REF_F_18.01_REF_FINREP 2.9,"Mapping cubes, source cube: F_18.01, target cube: F_18.01_REF, version: FINREP 2.9"
ECB,M_F_20.04_REF_FINREP 2.8,F_20.04-->F_20.04_REF__FINREP 2.8,M_F_20.04_REF_FINREP 2.8,EBA_FINREP_EBA_F_20.04_FINREP_2.8,FINREP_REF_F_20.04_REF_FINREP 2.8,"Mapping cubes, source cube: F_20.04, target cube: F_20.04_REF, version: FINREP 2.8"
ECB,M_F_16.08_REF_FINREP 2.9,F_16.08-->F_16.08_REF__FINREP 2.9,M_F_16.08_REF_FINREP 2.9,EBA_FINREP_EBA_F_16.08_FINREP_2.9,FINREP_REF_F_16.08_REF_FINREP 2.9,"Mapping cubes, source cube: F_16.08, target cube: F_16.08_REF, version: FINREP 2.9"
ECB,M_F_04.08_REF_FINREP 2.9,F_04.08-->F_04.08_REF__FINREP 2.9,M_F_04.08_REF_FINREP 2.9,EBA_FINREP_EBA_F_04.08_FINREP_2.9,FINREP_REF_F_04.08_REF_FINREP 2.9,"Mapping cubes, source cube: F_04.08, target cube: F_04.08_REF, version: FINREP 2.9"
ECB,M_F_20.03_REF_FINREP 2.8,F_20.03-->F_20.03_REF__FINREP 2.8,M_F_20.03_REF_FINREP 2.8,EBA_FINREP_EBA_F_20.03_FINREP_2.8,FINREP_REF_F_20.03_REF_FINREP 2.8,"Mapping cubes, source cube: F_20.03, target cube: F_20.03_REF, version: FINREP 2.8"
ECB,M_F_23.04_REF_FINREP 2.9,F_23.04-->F_23.04_REF__FINREP 2.9,M_F_23.04_REF_FINREP 2.9,EBA_FINREP_EBA_F_23.04_FINREP_2.9,FINREP_REF_F_23.04_REF_FINREP 2.9,"Mapping cubes, source cube: F_23.04, target cube: F_23.04_REF, version: FINREP 2.9"
ECB,M_F_24.01_REF_FINREP 2.9,F_24.01-->F_24.01_REF__FINREP 2.9,M_F_24.01_REF_FINREP 2.9,EBA_FINREP_EBA_F_24.01_FINREP_2.9,FINREP_REF_F_24.01_REF_FINREP 2.9,"Mapping cubes, source cube: F_24.01, target cube: F_24.01_REF, version: FINREP 2.9"
ECB,M_F_02.00_REF_FINREP 2.9,F_02.00-->F_02.00_REF__FINREP 2.9,M_F_02.00_REF_FINREP 2.9,EBA_FINREP_EBA_F_02.00_FINREP_2.9,FINREP_REF_F_02.00_REF_FINREP 2.9,"Mapping cubes, source cube: F_02.00, target cube: F_02.00_REF, version: FINREP 2.9"
ECB,M_F_06.01_REF_FINREP 2.9,F_06.01-->F_06.01_REF__FINREP 2.9,M_F_06.01_REF_FINREP 2.9,EBA_FINREP_EBA_F_06.01_FINREP_2.9,FINREP_REF_F_06.01_REF_FINREP 2.9,"Mapping cubes, source cube: F_06.01, target cube: F_06.01_REF, version: FINREP 2.9"
ECB,M_F_30.02_REF_FINREP 2.8,F_30.02-->F_30.02_REF__FINREP 2.8,M_F_30.02_REF_FINREP 2.8,EBA_FINREP_EBA_F_30.02_FINREP_2.8,FINREP_REF_F_30.02_REF_FINREP 2.8,"Mapping cubes, source cube: F_30.02, target cube: F_30.02_REF, version: FINREP 2.8"
ECB,M_F_22.01_REF_FINREP 2.9,F_22.01-->F_22.01_REF__FINREP 2.9,M_F_22.01_REF_FINREP 2.9,EBA_FINREP_EBA_F_22.01_FINREP_2.9,FINREP_REF_F_22.01_REF_FINREP 2.9,"Mapping cubes, source cube: F_22.01, target cube: F_22.01_REF, version: FINREP 2.9"
ECB,M_F_47.00_REF_FINREP 2.9,F_47.00-->F_47.00_REF__FINREP 2.9,M_F_47.00_REF_FINREP 2.9,EBA_FINREP_EBA_F_47.00_FINREP_2.9,FINREP_REF_F_47.00_REF_FINREP 2.9,"Mapping cubes, source cube: F_47.00, target cube: F_47.00_REF, version: FINREP 2.9"
ECB,M_F_44.04_REF_FINREP 2.9,F_44.04-->F_44.04_REF__FINREP 2.9,M_F_44.04_REF_FINREP 2.9,EBA_FINREP_EBA_F_44.04_FINREP_2.9,FINREP_REF_F_44.04_REF_FINREP 2.9,"Mapping cubes, source cube: F_44.04, target cube: F_44.04_REF, version: FINREP 2.9"
ECB,M_F_08.02_REF_FINREP 2.8,F_08.02-->F_08.02_REF__FINREP 2.8,M_F_08.02_REF_FINREP 2.8,EBA_FINREP_EBA_F_08.02_FINREP_2.8,FINREP_REF_F_08.02_REF_FINREP 2.8,"Mapping cubes, source cube: F_08.02, target cube: F_08.02_REF, version: FINREP 2.8"
ECB,M_F_04.10_REF_FINREP 2.9,F_04.10-->F_04.10_REF__FINREP 2.9,M_F_04.10_REF_FINREP 2.9,EBA_FINREP_EBA_F_04.10_FINREP_2.9,FINREP_REF_F_04.10_REF_FINREP 2.9,"Mapping cubes, source cube: F_04.10, target cube: F_04.10_REF, version: FINREP 2.9"
ECB,M_F_20.01_REF_FINREP 2.8,F_20.01-->F_20.01_REF__FINREP 2.8,M_F_20.01_REF_FINREP 2.8,EBA_FINREP_EBA_F_20.01_FINREP_2.8,FINREP_REF_F_20.01_REF_FINREP 2.8,"Mapping cubes, source cube: F_20.01, target cube: F_20.01_REF, version: FINREP 2.8"
ECB,M_F_03.00_REF_FINREP 2.8,F_03.00-->F_03.00_REF__FINREP 2.8,M_F_03.00_REF_FINREP 2.8,EBA_FINREP_EBA_F_03.00_FINREP_2.8,FINREP_REF_F_03.00_REF_FINREP 2.8,"Mapping cubes, source cube: F_03.00, target cube: F_03.00_REF, version: FINREP 2.8"
ECB,M_F_23.06_REF_FINREP 2.9,F_23.06-->F_23.06_REF__FINREP 2.9,M_F_23.06_REF_FINREP 2.9,EBA_FINREP_EBA_F_23.06_FINREP_2.9,FINREP_REF_F_23.06_REF_FINREP 2.9,"Mapping cubes, source cube: F_23.06, target cube: F_23.06_REF, version: FINREP 2.9"
ECB,M_F_23.02_REF_FINREP 2.9,F_23.02-->F_23.02_REF__FINREP 2.9,M_F_23.02_REF_FINREP 2.9,EBA_FINREP_EBA_F_23.02_FINREP_2.9,FINREP_REF_F_23.02_REF_FINREP 2.9,"Mapping cubes, source cube: F_23.02, target cube: F_23.02_REF, version: FINREP 2.9"
ECB,M_F_24.03_REF_FINREP 2.9,F_24.03-->F_24.03_REF__FINREP 2.9,M_F_24.03_REF_FINREP 2.9,EBA_FINREP_EBA_F_24.03_FINREP_2.9,FINREP_REF_F_24.03_REF_FINREP 2.9,"Mapping cubes, source cube: F_24.03, target cube: F_24.03_REF, version: FINREP 2.9"
ECB,M_F_42.00_REF_FINREP 2.9,F_42.00-->F_42.00_REF__FINREP 2.9,M_F_42.00_REF_FINREP 2.9,EBA_FINREP_EBA_F_42.00_FINREP_2.9,FINREP_REF_F_42.00_REF_FINREP 2.9,"Mapping cubes, source cube: F_42.00, target cube: F_42.00_REF, version: FINREP 2.9"
ECB,M_F_07.01_REF_FINREP 2.8,F_07.01-->F_07.01_REF__FINREP 2.8,M_F_07.01_REF_FINREP 2.8,EBA_FINREP_EBA_F_07.01_FINREP_2.8,FINREP_REF_F_07.01_REF_FINREP 2.8,"Mapping cubes, source cube: F_07.01, target cube: F_07.01_REF, version: FINREP 2.8"
ECB,M_F_45.02_REF_FINREP 2.9,F_45.02-->F_45.02_REF__FINREP 2.9,M_F_45.02_REF_FINREP 2.9,EBA_FINREP_EBA_F_45.02_FINREP_2.9,FINREP_REF_F_45.02_REF_FINREP 2.9,"Mapping cubes, source cube: F_45.02, target cube: F_45.02_REF, version: FINREP 2.9"
ECB,M_F_23.01_REF_FINREP 2.9,F_23.01-->F_23.01_REF__FINREP 2.9,M_F_23.01_REF_FINREP 2.9,EBA_FINREP_EBA_F_23.01_FINREP_2.9,FINREP_REF_F_23.01_REF_FINREP 2.9,"Mapping cubes, source cube: F_23.01, target cube: F_23.01_REF, version: FINREP 2.9"
ECB,M_F_23.05_REF_FINREP 2.9,F_23.05-->F_23.05_REF__FINREP 2.9,M_F_23.05_REF_FINREP 2.9,EBA_FINREP_EBA_F_23.05_FINREP_2.9,FINREP_REF_F_23.05_REF_FINREP 2.9,"Mapping cubes, source cube: F_23.05, target cube: F_23.05_REF, version: FINREP 2.9"
ECB,M_F_07.02_REF_FINREP 2.8,F_07.02-->F_07.02_REF__FINREP 2.8,M_F_07.02_REF_FINREP 2.8,EBA_FINREP_EBA_F_07.02_FINREP_2.8,FINREP_REF_F_07.02_REF_FINREP 2.8,"Mapping cubes, source cube: F_07.02, target cube: F_07.02_REF, version: FINREP 2.8"
ECB,M_F_20.02_REF_FINREP 2.8,F_20.02-->F_20.02_REF__FINREP 2.8,M_F_20.02_REF_FINREP 2.8,EBA_FINREP_EBA_F_20.02_FINREP_2.8,FINREP_REF_F_20.02_REF_FINREP 2.8,"Mapping cubes, source cube: F_20.02, target cube: F_20.02_REF, version: FINREP 2.8"
ECB,M_F_04.09_REF_FINREP 2.9,F_04.09-->F_04.09_REF__FINREP 2.9,M_F_04.09_REF_FINREP 2.9,EBA_FINREP_EBA_F_04.09_FINREP_2.9,FINREP_REF_F_04.09_REF_FINREP 2.9,"Mapping cubes, source cube: F_04.09, target cube: F_04.09_REF, version: FINREP 2.9"
ECB,M_F_16.01_REF_FINREP 2.9,F_16.01-->F_16.01_REF__FINREP 2.9,M_F_16.01_REF_FINREP 2.9,EBA_FINREP_EBA_F_16.01_FINREP_2.9,FINREP_REF_F_16.01_REF_FINREP 2.9,"Mapping cubes, source cube: F_16.01, target cube: F_16.01_REF, version: FINREP 2.9"
ECB,M_F_44.03_REF_FINREP 2.9,F_44.03-->F_44.03_REF__FINREP 2.9,M_F_44.03_REF_FINREP 2.9,EBA_FINREP_EBA_F_44.03_FINREP_2.9,FINREP_REF_F_44.03_REF_FINREP 2.9,"Mapping cubes, source cube: F_44.03, target cube: F_44.03_REF, version: FINREP 2.9"
ECB,M_F_13.01_REF_FINREP 2.9,F_13.01-->F_13.01_REF__FINREP 2.9,M_F_13.01_REF_FINREP 2.9,EBA_FINREP_EBA_F_13.01_FINREP_2.9,FINREP_REF_F_13.01_REF_FINREP 2.9,"Mapping cubes, source cube: F_13.01, target cube: F_13.01_REF, version: FINREP 2.9"
ECB,M_F_04.03.1_REF_FINREP 2.9,F_04.03.1-->F_04.03.1_REF__FINREP 2.9,M_F_04.03.1_REF_FINREP 2.9,EBA_FINREP_EBA_F_04.03.1_FINREP_2.9,FINREP_REF_F_04.03.1_REF_FINREP 2.9,"Mapping cubes, source cube: F_04.03.1, target cube: F_04.03.1_REF, version: FINREP 2.9"
ECB,M_F_18.00.e_REF_FINREP 2.9,F_18.00.e-->F_18.00.e_REF__FINREP 2.9,M_F_18.00.e_REF_FINREP 2.9,EBA_FINREP_EBA_F_18.00.e_FINREP_2.9,FINREP_REF_F_18.00.e_REF_FINREP 2.9,"Mapping cubes, source cube: F_18.00.e, target cube: F_18.00.e_REF, version: FINREP 2.9"
ECB,M_F_18.00.a_REF_FINREP 2.9,F_18.00.a-->F_18.00.a_REF__FINREP 2.9,M_F_18.00.a_REF_FINREP 2.9,EBA_FINREP_EBA_F_18.00.a_FINREP_2.9,FINREP_REF_F_18.00.a_REF_FINREP 2.9,"Mapping cubes, source cube: F_18.00.a, target cube: F_18.00.a_REF, version: FINREP 2.9"
ECB,M_F_18.02.c_REF_FINREP 2.9,F_18.02.c-->F_18.02.c_REF__FINREP 2.9,M_F_18.02.c_REF_FINREP 2.9,EBA_FINREP_EBA_F_18.02.c_FINREP_2.9,FINREP_REF_F_18.02.c_REF_FINREP 2.9,"Mapping cubes, source cube: F_18.02.c, target cube: F_18.02.c_REF, version: FINREP 2.9"
ECB,M_F_25.01.b_REF_FINREP 2.9,F_25.01.b-->F_25.01.b_REF__FINREP 2.9,M_F_25.01.b_REF_FINREP 2.9,EBA_FINREP_EBA_F_25.01.b_FINREP_2.9,FINREP_REF_F_25.01.b_REF_FINREP 2.9,"Mapping cubes, source cube: F_25.01.b, target cube: F_25.01.b_REF, version: FINREP 2.9"
ECB,M_F_25.02.a_REF_FINREP 2.9,F_25.02.a-->F_25.02.a_REF__FINREP 2.9,M_F_25.02.a_REF_FINREP 2.9,EBA_FINREP_EBA_F_25.02.a_FINREP_2.9,FINREP_REF_F_25.02.a_REF_FINREP 2.9,"Mapping cubes, source cube: F_25.02.a, target cube: F_25.02.a_REF, version: FINREP 2.9"
ECB,M_F_19.00.d_REF_FINREP 2.9,F_19.00.d-->F_19.00.d_REF__FINREP 2.9,M_F_19.00.d_REF_FINREP 2.9,EBA_FINREP_EBA_F_19.00.d_FINREP_2.9,FINREP_REF_F_19.00.d_REF_FINREP 2.9,"Mapping cubes, source cube: F_19.00.d, target cube: F_19.00.d_REF, version: FINREP 2.9"
ECB,M_F_25.01.a_REF_FINREP 2.9,F_25.01.a-->F_25.01.a_REF__FINREP 2.9,M_F_25.01.a_REF_FINREP 2.9,EBA_FINREP_EBA_F_25.01.a_FINREP_2.9,FINREP_REF_F_25.01.a_REF_FINREP 2.9,"Mapping cubes, source cube: F_25.01.a, target cube: F_25.01.a_REF, version: FINREP 2.9"
ECB,M_F_19.00.c_REF_FINREP 2.9,F_19.00.c-->F_19.00.c_REF__FINREP 2.9,M_F_19.00.c_REF_FINREP 2.9,EBA_FINREP_EBA_F_19.00.c_FINREP_2.9,FINREP_REF_F_19.00.c_REF_FINREP 2.9,"Mapping cubes, source cube: F_19.00.c, target cube: F_19.00.c_REF, version: FINREP 2.9"
ECB,M_F_25.02.b_REF_FINREP 2.9,F_25.02.b-->F_25.02.b_REF__FINREP 2.9,M_F_25.02.b_REF_FINREP 2.9,EBA_FINREP_EBA_F_25.02.b_FINREP_2.9,FINREP_REF_F_25.02.b_REF_FINREP 2.9,"Mapping cubes, source cube: F_25.02.b, target cube: F_25.02.b_REF, version: FINREP 2.9"
ECB,M_F_08.01.a_REF_FINREP 2.9,F_08.01.a-->F_08.01.a_REF__FINREP 2.9,M_F_08.01.a_REF_FINREP 2.9,EBA_FINREP_EBA_F_08.01.a_FINREP_2.9,FINREP_REF_F_08.01.a_REF_FINREP 2.9,"Mapping cubes, source cube: F_08.01.a, target cube: F_08.01.a_REF, version: FINREP 2.9"
ECB,M_F_18.00.b_REF_FINREP 2.9,F_18.00.b-->F_18.00.b_REF__FINREP 2.9,M_F_18.00.b_REF_FINREP 2.9,EBA_FINREP_EBA_F_18.00.b_FINREP_2.9,FINREP_REF_F_18.00.b_REF_FINREP 2.9,"Mapping cubes, source cube: F_18.00.b, target cube: F_18.00.b_REF, version: FINREP 2.9"
ECB,M_F_04.04.1_REF_FINREP 2.9,F_04.04.1-->F_04.04.1_REF__FINREP 2.9,M_F_04.04.1_REF_FINREP 2.9,EBA_FINREP_EBA_F_04.04.1_FINREP_2.9,FINREP_REF_F_04.04.1_REF_FINREP 2.9,"Mapping cubes, source cube: F_04.04.1, target cube: F_04.04.1_REF, version: FINREP 2.9"
ECB,M_F_26.00.a_REF_FINREP 2.9,F_26.00.a-->F_26.00.a_REF__FINREP 2.9,M_F_26.00.a_REF_FINREP 2.9,EBA_FINREP_EBA_F_26.00.a_FINREP_2.9,FINREP_REF_F_26.00.a_REF_FINREP 2.9,"Mapping cubes, source cube: F_26.00.a, target cube: F_26.00.a_REF, version: FINREP 2.9"
ECB,M_F_12.01.b_REF_FINREP 2.8,F_12.01.b-->F_12.01.b_REF__FINREP 2.8,M_F_12.01.b_REF_FINREP 2.8,EBA_FINREP_EBA_F_12.01.b_FINREP_2.8,FINREP_REF_F_12.01.b_REF_FINREP 2.8,"Mapping cubes, source cube: F_12.01.b, target cube: F_12.01.b_REF, version: FINREP 2.8"
ECB,M_F_12.01.a_REF_FINREP 2.9,F_12.01.a-->F_12.01.a_REF__FINREP 2.9,M_F_12.01.a_REF_FINREP 2.9,EBA_FINREP_EBA_F_12.01.a_FINREP_2.9,FINREP_REF_F_12.01.a_REF_FINREP 2.9,"Mapping cubes, source cube: F_12.01.a, target cube: F_12.01.a_REF, version: FINREP 2.9"
ECB,M_F_19.00.a_REF_FINREP 2.9,F_19.00.a-->F_19.00.a_REF__FINREP 2.9,M_F_19.00.a_REF_FINREP 2.9,EBA_FINREP_EBA_F_19.00.a_FINREP_2.9,FINREP_REF_F_19.00.a_REF_FINREP 2.9,"Mapping cubes, source cube: F_19.00.a, target cube: F_19.00.a_REF, version: FINREP 2.9"
ECB,M_F_19.00.e_REF_FINREP 2.9,F_19.00.e-->F_19.00.e_REF__FINREP 2.9,M_F_19.00.e_REF_FINREP 2.9,EBA_FINREP_EBA_F_19.00.e_FINREP_2.9,FINREP_REF_F_19.00.e_REF_FINREP 2.9,"Mapping cubes, source cube: F_19.00.e, target cube: F_19.00.e_REF, version: FINREP 2.9"
ECB,M_F_25.03.a_REF_FINREP 2.9,F_25.03.a-->F_25.03.a_REF__FINREP 2.9,M_F_25.03.a_REF_FINREP 2.9,EBA_FINREP_EBA_F_25.03.a_FINREP_2.9,FINREP_REF_F_25.03.a_REF_FINREP 2.9,"Mapping cubes, source cube: F_25.03.a, target cube: F_25.03.a_REF, version: FINREP 2.9"
ECB,M_F_20.05.a_REF_FINREP 2.9,F_20.05.a-->F_20.05.a_REF__FINREP 2.9,M_F_20.05.a_REF_FINREP 2.9,EBA_FINREP_EBA_F_20.05.a_FINREP_2.9,FINREP_REF_F_20.05.a_REF_FINREP 2.9,"Mapping cubes, source cube: F_20.05.a, target cube: F_20.05.a_REF, version: FINREP 2.9"
ECB,M_F_25.01.c_REF_FINREP 2.9,F_25.01.c-->F_25.01.c_REF__FINREP 2.9,M_F_25.01.c_REF_FINREP 2.9,EBA_FINREP_EBA_F_25.01.c_FINREP_2.9,FINREP_REF_F_25.01.c_REF_FINREP 2.9,"Mapping cubes, source cube: F_25.01.c, target cube: F_25.01.c_REF, version: FINREP 2.9"
ECB,M_F_18.02.b_REF_FINREP 2.9,F_18.02.b-->F_18.02.b_REF__FINREP 2.9,M_F_18.02.b_REF_FINREP 2.9,EBA_FINREP_EBA_F_18.02.b_FINREP_2.9,FINREP_REF_F_18.02.b_REF_FINREP 2.9,"Mapping cubes, source cube: F_18.02.b, target cube: F_18.02.b_REF, version: FINREP 2.9"
ECB,M_F_18.00.d_REF_FINREP 2.9,F_18.00.d-->F_18.00.d_REF__FINREP 2.9,M_F_18.00.d_REF_FINREP 2.9,EBA_FINREP_EBA_F_18.00.d_FINREP_2.9,FINREP_REF_F_18.00.d_REF_FINREP 2.9,"Mapping cubes, source cube: F_18.00.d, target cube: F_18.00.d_REF, version: FINREP 2.9"
ECB,M_F_18.02.a_REF_FINREP 2.9,F_18.02.a-->F_18.02.a_REF__FINREP 2.9,M_F_18.02.a_REF_FINREP 2.9,EBA_FINREP_EBA_F_18.02.a_FINREP_2.9,FINREP_REF_F_18.02.a_REF_FINREP 2.9,"Mapping cubes, source cube: F_18.02.a, target cube: F_18.02.a_REF, version: FINREP 2.9"
ECB,M_F_18.00.c_REF_FINREP 2.9,F_18.00.c-->F_18.00.c_REF__FINREP 2.9,M_F_18.00.c_REF_FINREP 2.9,EBA_FINREP_EBA_F_18.00.c_FINREP_2.9,FINREP_REF_F_18.00.c_REF_FINREP 2.9,"Mapping cubes, source cube: F_18.00.c, target cube: F_18.00.c_REF, version: FINREP 2.9"
ECB,M_F_25.03.b_REF_FINREP 2.9,F_25.03.b-->F_25.03.b_REF__FINREP 2.9,M_F_25.03.b_REF_FINREP 2.9,EBA_FINREP_EBA_F_25.03.b_FINREP_2.9,FINREP_REF_F_25.03.b_REF_FINREP 2.9,"Mapping cubes, source cube: F_25.03.b, target cube: F_25.03.b_REF, version: FINREP 2.9"
ECB,M_F_19.00.b_REF_FINREP 2.9,F_19.00.b-->F_19.00.b_REF__FINREP 2.9,M_F_19.00.b_REF_FINREP 2.9,EBA_FINREP_EBA_F_19.00.b_FINREP_2.9,FINREP_REF_F_19.00.b_REF_FINREP 2.9,"Mapping cubes, source cube: F_19.00.b, target cube: F_19.00.b_REF, version: FINREP 2.9"
ECB,M_F_25.02.c_REF_FINREP 2.9,F_25.02.c-->F_25.02.c_REF__FINREP 2.9,M_F_25.02.c_REF_FINREP 2.9,EBA_FINREP_EBA_F_25.02.c_FINREP_2.9,FINREP_REF_F_25.02.c_REF_FINREP 2.9,"Mapping cubes, source cube: F_25.02.c, target cube: F_25.02.c_REF, version: FINREP 2.9"
ECB,M_F_25.01.d_REF_FINREP 2.9,F_25.01.d-->F_25.01.d_REF__FINREP 2.9,M_F_25.01.d_REF_FINREP 2.9,EBA_FINREP_EBA_F_25.01.d_FINREP_2.9,FINREP_REF_F_25.01.d_REF_FINREP 2.9,"Mapping cubes, source cube: F_25.01.d, target cube: F_25.01.d_REF, version: FINREP 2.9"
ECB,M_F_12.01.a_REF_FINREP 2.8,F_12.01.a-->F_12.01.a_REF__FINREP 2.8,M_F_12.01.a_REF_FINREP 2.8,EBA_FINREP_EBA_F_12.01.a_FINREP_2.8,FINREP_REF_F_12.01.a_REF_FINREP 2.8,"Mapping cubes, source cube: F_12.01.a, target cube: F_12.01.a_REF, version: FINREP 2.8"
ECB,M_F_26.00.b_REF_FINREP 2.9,F_26.00.b-->F_26.00.b_REF__FINREP 2.9,M_F_26.00.b_REF_FINREP 2.9,EBA_FINREP_EBA_F_26.00.b_FINREP_2.9,FINREP_REF_F_26.00.b_REF_FINREP 2.9,"Mapping cubes, source cube: F_26.00.b, target cube: F_26.00.b_REF, version: FINREP 2.9"
ECB,M_F_16.01_REF_FINREP 201,F_16.01-->F_16.01_REF__FINREP 201,M_F_16.01_REF_FINREP 201,EBA_FINREP_EBA_F_16.01_FINREP_2017-A,FINREP_REF_F_16.01_REF_FINREP 201,"Mapping cubes, source cube: F_16.01, target cube: F_16.01_REF, version: FINREP 201"
ECB,M_F_12.02_REF_FINREP 201,F_12.02-->F_12.02_REF__FINREP 201,M_F_12.02_REF_FINREP 201,EBA_FINREP_EBA_F_12.02_FINREP_2017-A,FINREP_REF_F_12.02_REF_FINREP 201,"Mapping cubes, source cube: F_12.02, target cube: F_12.02_REF, version: FINREP 201"
ECB,M_F_04.09_REF_FINREP 201,F_04.09-->F_04.09_REF__FINREP 201,M_F_04.09_REF_FINREP 201,EBA_FINREP_EBA_F_04.09_FINREP_2017-A,FINREP_REF_F_04.09_REF_FINREP 201,"Mapping cubes, source cube: F_04.09, target cube: F_04.09_REF, version: FINREP 201"
ECB,M_F_16.02_REF_FINREP 201,F_16.02-->F_16.02_REF__FINREP 201,M_F_16.02_REF_FINREP 201,EBA_FINREP_EBA_F_16.02_FINREP_2017-A,FINREP_REF_F_16.02_REF_FINREP 201,"Mapping cubes, source cube: F_16.02, target cube: F_16.02_REF, version: FINREP 201"
ECB,M_F_44.02_REF_FINREP 201,F_44.02-->F_44.02_REF__FINREP 201,M_F_44.02_REF_FINREP 201,EBA_FINREP_EBA_F_44.02_FINREP_2017-A,FINREP_REF_F_44.02_REF_FINREP 201,"Mapping cubes, source cube: F_44.02, target cube: F_44.02_REF, version: FINREP 201"
ECB,M_F_40.02_REF_FINREP 201,F_40.02-->F_40.02_REF__FINREP 201,M_F_40.02_REF_FINREP 201,EBA_FINREP_EBA_F_40.02_FINREP_2017-A,FINREP_REF_F_40.02_REF_FINREP 201,"Mapping cubes, source cube: F_40.02, target cube: F_40.02_REF, version: FINREP 201"
ECB,M_F_09.01_REF_FINREP 201,F_09.01-->F_09.01_REF__FINREP 201,M_F_09.01_REF_FINREP 201,EBA_FINREP_EBA_F_09.01_FINREP_2017-A,FINREP_REF_F_09.01_REF_FINREP 201,"Mapping cubes, source cube: F_09.01, target cube: F_09.01_REF, version: FINREP 201"
ECB,M_F_01.02_REF_FINREP 201,F_01.02-->F_01.02_REF__FINREP 201,M_F_01.02_REF_FINREP 201,EBA_FINREP_EBA_F_01.02_FINREP_2017-A,FINREP_REF_F_01.02_REF_FINREP 201,"Mapping cubes, source cube: F_01.02, target cube: F_01.02_REF, version: FINREP 201"
ECB,M_F_44.01_REF_FINREP 201,F_44.01-->F_44.01_REF__FINREP 201,M_F_44.01_REF_FINREP 201,EBA_FINREP_EBA_F_44.01_FINREP_2017-A,FINREP_REF_F_44.01_REF_FINREP 201,"Mapping cubes, source cube: F_44.01, target cube: F_44.01_REF, version: FINREP 201"
ECB,M_F_16.04_REF_FINREP 201,F_16.04-->F_16.04_REF__FINREP 201,M_F_16.04_REF_FINREP 201,EBA_FINREP_EBA_F_16.04_FINREP_2017-A,FINREP_REF_F_16.04_REF_FINREP 201,"Mapping cubes, source cube: F_16.04, target cube: F_16.04_REF, version: FINREP 201"
ECB,M_F_09.02_REF_FINREP 201,F_09.02-->F_09.02_REF__FINREP 201,M_F_09.02_REF_FINREP 201,EBA_FINREP_EBA_F_09.02_FINREP_2017-A,FINREP_REF_F_09.02_REF_FINREP 201,"Mapping cubes, source cube: F_09.02, target cube: F_09.02_REF, version: FINREP 201"
ECB,M_F_40.01_REF_FINREP 201,F_40.01-->F_40.01_REF__FINREP 201,M_F_40.01_REF_FINREP 201,EBA_FINREP_EBA_F_40.01_FINREP_2017-A,FINREP_REF_F_40.01_REF_FINREP 201,"Mapping cubes, source cube: F_40.01, target cube: F_40.01_REF, version: FINREP 201"
ECB,M_F_01.01_REF_FINREP 201,F_01.01-->F_01.01_REF__FINREP 201,M_F_01.01_REF_FINREP 201,EBA_FINREP_EBA_F_01.01_FINREP_2017-A,FINREP_REF_F_01.01_REF_FINREP 201,"Mapping cubes, source cube: F_01.01, target cube: F_01.01_REF, version: FINREP 201"
ECB,M_F_20.06_REF_FINREP 201,F_20.06-->F_20.06_REF__FINREP 201,M_F_20.06_REF_FINREP 201,EBA_FINREP_EBA_F_20.06_FINREP_2017-A,FINREP_REF_F_20.06_REF_FINREP 201,"Mapping cubes, source cube: F_20.06, target cube: F_20.06_REF, version: FINREP 201"
ECB,M_F_11.03_REF_FINREP 201,F_11.03-->F_11.03_REF__FINREP 201,M_F_11.03_REF_FINREP 201,EBA_FINREP_EBA_F_11.03_FINREP_2017-A,FINREP_REF_F_11.03_REF_FINREP 201,"Mapping cubes, source cube: F_11.03, target cube: F_11.03_REF, version: FINREP 201"
ECB,M_F_04.06_REF_FINREP 201,F_04.06-->F_04.06_REF__FINREP 201,M_F_04.06_REF_FINREP 201,EBA_FINREP_EBA_F_04.06_FINREP_2017-A,FINREP_REF_F_04.06_REF_FINREP 201,"Mapping cubes, source cube: F_04.06, target cube: F_04.06_REF, version: FINREP 201"
ECB,M_F_13.03_REF_FINREP 201,F_13.03-->F_13.03_REF__FINREP 201,M_F_13.03_REF_FINREP 201,EBA_FINREP_EBA_F_13.03_FINREP_2017-A,FINREP_REF_F_13.03_REF_FINREP 201,"Mapping cubes, source cube: F_13.03, target cube: F_13.03_REF, version: FINREP 201"
ECB,M_F_17.03_REF_FINREP 201,F_17.03-->F_17.03_REF__FINREP 201,M_F_17.03_REF_FINREP 201,EBA_FINREP_EBA_F_17.03_FINREP_2017-A,FINREP_REF_F_17.03_REF_FINREP 201,"Mapping cubes, source cube: F_17.03, target cube: F_17.03_REF, version: FINREP 201"
ECB,M_F_04.05_REF_FINREP 201,F_04.05-->F_04.05_REF__FINREP 201,M_F_04.05_REF_FINREP 201,EBA_FINREP_EBA_F_04.05_FINREP_2017-A,FINREP_REF_F_04.05_REF_FINREP 201,"Mapping cubes, source cube: F_04.05, target cube: F_04.05_REF, version: FINREP 201"
ECB,M_F_43.00_REF_FINREP 201,F_43.00-->F_43.00_REF__FINREP 201,M_F_43.00_REF_FINREP 201,EBA_FINREP_EBA_F_43.00_FINREP_2017-A,FINREP_REF_F_43.00_REF_FINREP 201,"Mapping cubes, source cube: F_43.00, target cube: F_43.00_REF, version: FINREP 201"
ECB,M_F_02.00_REF_FINREP 201,F_02.00-->F_02.00_REF__FINREP 201,M_F_02.00_REF_FINREP 201,EBA_FINREP_EBA_F_02.00_FINREP_2017-A,FINREP_REF_F_02.00_REF_FINREP 201,"Mapping cubes, source cube: F_02.00, target cube: F_02.00_REF, version: FINREP 201"
ECB,M_F_30.01_REF_FINREP 201,F_30.01-->F_30.01_REF__FINREP 201,M_F_30.01_REF_FINREP 201,EBA_FINREP_EBA_F_30.01_FINREP_2017-A,FINREP_REF_F_30.01_REF_FINREP 201,"Mapping cubes, source cube: F_30.01, target cube: F_30.01_REF, version: FINREP 201"
ECB,M_F_45.03_REF_FINREP 201,F_45.03-->F_45.03_REF__FINREP 201,M_F_45.03_REF_FINREP 201,EBA_FINREP_EBA_F_45.03_FINREP_2017-A,FINREP_REF_F_45.03_REF_FINREP 201,"Mapping cubes, source cube: F_45.03, target cube: F_45.03_REF, version: FINREP 201"
ECB,M_F_16.05_REF_FINREP 201,F_16.05-->F_16.05_REF__FINREP 201,M_F_16.05_REF_FINREP 201,EBA_FINREP_EBA_F_16.05_FINREP_2017-A,FINREP_REF_F_16.05_REF_FINREP 201,"Mapping cubes, source cube: F_16.05, target cube: F_16.05_REF, version: FINREP 201"
ECB,M_F_42.00_REF_FINREP 201,F_42.00-->F_42.00_REF__FINREP 201,M_F_42.00_REF_FINREP 201,EBA_FINREP_EBA_F_42.00_FINREP_2017-A,FINREP_REF_F_42.00_REF_FINREP 201,"Mapping cubes, source cube: F_42.00, target cube: F_42.00_REF, version: FINREP 201"
ECB,M_F_46.00_REF_FINREP 201,F_46.00-->F_46.00_REF__FINREP 201,M_F_46.00_REF_FINREP 201,EBA_FINREP_EBA_F_46.00_FINREP_2017-A,FINREP_REF_F_46.00_REF_FINREP 201,"Mapping cubes, source cube: F_46.00, target cube: F_46.00_REF, version: FINREP 201"
ECB,M_F_31.02_REF_FINREP 201,F_31.02-->F_31.02_REF__FINREP 201,M_F_31.02_REF_FINREP 201,EBA_FINREP_EBA_F_31.02_FINREP_2017-A,FINREP_REF_F_31.02_REF_FINREP 201,"Mapping cubes, source cube: F_31.02, target cube: F_31.02_REF, version: FINREP 201"
ECB,M_F_16.06_REF_FINREP 201,F_16.06-->F_16.06_REF__FINREP 201,M_F_16.06_REF_FINREP 201,EBA_FINREP_EBA_F_16.06_FINREP_2017-A,FINREP_REF_F_16.06_REF_FINREP 201,"Mapping cubes, source cube: F_16.06, target cube: F_16.06_REF, version: FINREP 201"
ECB,M_F_01.03_REF_FINREP 201,F_01.03-->F_01.03_REF__FINREP 201,M_F_01.03_REF_FINREP 201,EBA_FINREP_EBA_F_01.03_FINREP_2017-A,FINREP_REF_F_01.03_REF_FINREP 201,"Mapping cubes, source cube: F_01.03, target cube: F_01.03_REF, version: FINREP 201"
ECB,M_F_44.03_REF_FINREP 201,F_44.03-->F_44.03_REF__FINREP 201,M_F_44.03_REF_FINREP 201,EBA_FINREP_EBA_F_44.03_FINREP_2017-A,FINREP_REF_F_44.03_REF_FINREP 201,"Mapping cubes, source cube: F_44.03, target cube: F_44.03_REF, version: FINREP 201"
ECB,M_F_31.01_REF_FINREP 201,F_31.01-->F_31.01_REF__FINREP 201,M_F_31.01_REF_FINREP 201,EBA_FINREP_EBA_F_31.01_FINREP_2017-A,FINREP_REF_F_31.01_REF_FINREP 201,"Mapping cubes, source cube: F_31.01, target cube: F_31.01_REF, version: FINREP 201"
ECB,M_F_22.01_REF_FINREP 201,F_22.01-->F_22.01_REF__FINREP 201,M_F_22.01_REF_FINREP 201,EBA_FINREP_EBA_F_22.01_FINREP_2017-A,FINREP_REF_F_22.01_REF_FINREP 201,"Mapping cubes, source cube: F_22.01, target cube: F_22.01_REF, version: FINREP 201"
ECB,M_F_16.03_REF_FINREP 201,F_16.03-->F_16.03_REF__FINREP 201,M_F_16.03_REF_FINREP 201,EBA_FINREP_EBA_F_16.03_FINREP_2017-A,FINREP_REF_F_16.03_REF_FINREP 201,"Mapping cubes, source cube: F_16.03, target cube: F_16.03_REF, version: FINREP 201"
ECB,M_F_04.08_REF_FINREP 201,F_04.08-->F_04.08_REF__FINREP 201,M_F_04.08_REF_FINREP 201,EBA_FINREP_EBA_F_04.08_FINREP_2017-A,FINREP_REF_F_04.08_REF_FINREP 201,"Mapping cubes, source cube: F_04.08, target cube: F_04.08_REF, version: FINREP 201"
ECB,M_F_22.02_REF_FINREP 201,F_22.02-->F_22.02_REF__FINREP 201,M_F_22.02_REF_FINREP 201,EBA_FINREP_EBA_F_22.02_FINREP_2017-A,FINREP_REF_F_22.02_REF_FINREP 201,"Mapping cubes, source cube: F_22.02, target cube: F_22.02_REF, version: FINREP 201"
ECB,M_F_14.00_REF_FINREP 201,F_14.00-->F_14.00_REF__FINREP 201,M_F_14.00_REF_FINREP 201,EBA_FINREP_EBA_F_14.00_FINREP_2017-A,FINREP_REF_F_14.00_REF_FINREP 201,"Mapping cubes, source cube: F_14.00, target cube: F_14.00_REF, version: FINREP 201"
ECB,M_F_12.00_REF_FINREP 201,F_12.00-->F_12.00_REF__FINREP 201,M_F_12.00_REF_FINREP 201,EBA_FINREP_EBA_F_12.00_FINREP_2017-A,FINREP_REF_F_12.00_REF_FINREP 201,"Mapping cubes, source cube: F_12.00, target cube: F_12.00_REF, version: FINREP 201"
ECB,M_F_10.00_REF_FINREP 201,F_10.00-->F_10.00_REF__FINREP 201,M_F_10.00_REF_FINREP 201,EBA_FINREP_EBA_F_10.00_FINREP_2017-A,FINREP_REF_F_10.00_REF_FINREP 201,"Mapping cubes, source cube: F_10.00, target cube: F_10.00_REF, version: FINREP 201"
ECB,M_F_41.02_REF_FINREP 201,F_41.02-->F_41.02_REF__FINREP 201,M_F_41.02_REF_FINREP 201,EBA_FINREP_EBA_F_41.02_FINREP_2017-A,FINREP_REF_F_41.02_REF_FINREP 201,"Mapping cubes, source cube: F_41.02, target cube: F_41.02_REF, version: FINREP 201"
ECB,M_F_04.10_REF_FINREP 201,F_04.10-->F_04.10_REF__FINREP 201,M_F_04.10_REF_FINREP 201,EBA_FINREP_EBA_F_04.10_FINREP_2017-A,FINREP_REF_F_04.10_REF_FINREP 201,"Mapping cubes, source cube: F_04.10, target cube: F_04.10_REF, version: FINREP 201"
ECB,M_F_45.02_REF_FINREP 201,F_45.02-->F_45.02_REF__FINREP 201,M_F_45.02_REF_FINREP 201,EBA_FINREP_EBA_F_45.02_FINREP_2017-A,FINREP_REF_F_45.02_REF_FINREP 201,"Mapping cubes, source cube: F_45.02, target cube: F_45.02_REF, version: FINREP 201"
ECB,M_F_41.01_REF_FINREP 201,F_41.01-->F_41.01_REF__FINREP 201,M_F_41.01_REF_FINREP 201,EBA_FINREP_EBA_F_41.01_FINREP_2017-A,FINREP_REF_F_41.01_REF_FINREP 201,"Mapping cubes, source cube: F_41.01, target cube: F_41.01_REF, version: FINREP 201"
ECB,M_F_11.04_REF_FINREP 201,F_11.04-->F_11.04_REF__FINREP 201,M_F_11.04_REF_FINREP 201,EBA_FINREP_EBA_F_11.04_FINREP_2017-A,FINREP_REF_F_11.04_REF_FINREP 201,"Mapping cubes, source cube: F_11.04, target cube: F_11.04_REF, version: FINREP 201"
ECB,M_F_04.01_REF_FINREP 201,F_04.01-->F_04.01_REF__FINREP 201,M_F_04.01_REF_FINREP 201,EBA_FINREP_EBA_F_04.01_FINREP_2017-A,FINREP_REF_F_04.01_REF_FINREP 201,"Mapping cubes, source cube: F_04.01, target cube: F_04.01_REF, version: FINREP 201"
ECB,M_F_06.01_REF_FINREP 201,F_06.01-->F_06.01_REF__FINREP 201,M_F_06.01_REF_FINREP 201,EBA_FINREP_EBA_F_06.01_FINREP_2017-A,FINREP_REF_F_06.01_REF_FINREP 201,"Mapping cubes, source cube: F_06.01, target cube: F_06.01_REF, version: FINREP 201"
ECB,M_F_45.01_REF_FINREP 201,F_45.01-->F_45.01_REF__FINREP 201,M_F_45.01_REF_FINREP 201,EBA_FINREP_EBA_F_45.01_FINREP_2017-A,FINREP_REF_F_45.01_REF_FINREP 201,"Mapping cubes, source cube: F_45.01, target cube: F_45.01_REF, version: FINREP 201"
ECB,M_F_17.01_REF_FINREP 201,F_17.01-->F_17.01_REF__FINREP 201,M_F_17.01_REF_FINREP 201,EBA_FINREP_EBA_F_17.01_FINREP_2017-A,FINREP_REF_F_17.01_REF_FINREP 201,"Mapping cubes, source cube: F_17.01, target cube: F_17.01_REF, version: FINREP 201"
ECB,M_F_11.01_REF_FINREP 201,F_11.01-->F_11.01_REF__FINREP 201,M_F_11.01_REF_FINREP 201,EBA_FINREP_EBA_F_11.01_FINREP_2017-A,FINREP_REF_F_11.01_REF_FINREP 201,"Mapping cubes, source cube: F_11.01, target cube: F_11.01_REF, version: FINREP 201"
ECB,M_F_13.01_REF_FINREP 201,F_13.01-->F_13.01_REF__FINREP 201,M_F_13.01_REF_FINREP 201,EBA_FINREP_EBA_F_13.01_FINREP_2017-A,FINREP_REF_F_13.01_REF_FINREP 201,"Mapping cubes, source cube: F_13.01, target cube: F_13.01_REF, version: FINREP 201"
ECB,M_F_21.00_REF_FINREP 201,F_21.00-->F_21.00_REF__FINREP 201,M_F_21.00_REF_FINREP 201,EBA_FINREP_EBA_F_21.00_FINREP_2017-A,FINREP_REF_F_21.00_REF_FINREP 201,"Mapping cubes, source cube: F_21.00, target cube: F_21.00_REF, version: FINREP 201"
ECB,M_F_17.02_REF_FINREP 201,F_17.02-->F_17.02_REF__FINREP 201,M_F_17.02_REF_FINREP 201,EBA_FINREP_EBA_F_17.02_FINREP_2017-A,FINREP_REF_F_17.02_REF_FINREP 201,"Mapping cubes, source cube: F_17.02, target cube: F_17.02_REF, version: FINREP 201"
ECB,M_F_04.07_REF_FINREP 201,F_04.07-->F_04.07_REF__FINREP 201,M_F_04.07_REF_FINREP 201,EBA_FINREP_EBA_F_04.07_FINREP_2017-A,FINREP_REF_F_04.07_REF_FINREP 201,"Mapping cubes, source cube: F_04.07, target cube: F_04.07_REF, version: FINREP 201"
ECB,M_F_11.02_REF_FINREP 201,F_11.02-->F_11.02_REF__FINREP 201,M_F_11.02_REF_FINREP 201,EBA_FINREP_EBA_F_11.02_FINREP_2017-A,FINREP_REF_F_11.02_REF_FINREP 201,"Mapping cubes, source cube: F_11.02, target cube: F_11.02_REF, version: FINREP 201"
ECB,M_F_13.02_REF_FINREP 201,F_13.02-->F_13.02_REF__FINREP 201,M_F_13.02_REF_FINREP 201,EBA_FINREP_EBA_F_13.02_FINREP_2017-A,FINREP_REF_F_13.02_REF_FINREP 201,"Mapping cubes, source cube: F_13.02, target cube: F_13.02_REF, version: FINREP 201"
ECB,M_F_04.07_REF_FINREP 3.0,F_04.07-->F_04.07_REF__FINREP 3.0,M_F_04.07_REF_FINREP 3.0,EBA_FINREP_EBA_F_04.07_FINREP_3.0-Ind,FINREP_REF_F_04.07_REF_FINREP 3.0,"Mapping cubes, source cube: F_04.07, target cube: F_04.07_REF, version: FINREP 3.0"
ECB,M_F_12.00_REF_FINREP 3.0,F_12.00-->F_12.00_REF__FINREP 3.0,M_F_12.00_REF_FINREP 3.0,EBA_FINREP_EBA_F_12.00_FINREP_3.0-Ind,FINREP_REF_F_12.00_REF_FINREP 3.0,"Mapping cubes, source cube: F_12.00, target cube: F_12.00_REF, version: FINREP 3.0"
ECB,M_F_22.01_REF_FINREP 3.0,F_22.01-->F_22.01_REF__FINREP 3.0,M_F_22.01_REF_FINREP 3.0,EBA_FINREP_EBA_F_22.01_FINREP_3.0-Ind,FINREP_REF_F_22.01_REF_FINREP 3.0,"Mapping cubes, source cube: F_22.01, target cube: F_22.01_REF, version: FINREP 3.0"
ECB,M_F_21.00_REF_FINREP 3.0,F_21.00-->F_21.00_REF__FINREP 3.0,M_F_21.00_REF_FINREP 3.0,EBA_FINREP_EBA_F_21.00_FINREP_3.0-Ind,FINREP_REF_F_21.00_REF_FINREP 3.0,"Mapping cubes, source cube: F_21.00, target cube: F_21.00_REF, version: FINREP 3.0"
ECB,M_F_11.01_REF_FINREP 3.0,F_11.01-->F_11.01_REF__FINREP 3.0,M_F_11.01_REF_FINREP 3.0,EBA_FINREP_EBA_F_11.01_FINREP_3.0-Ind,FINREP_REF_F_11.01_REF_FINREP 3.0,"Mapping cubes, source cube: F_11.01, target cube: F_11.01_REF, version: FINREP 3.0"
ECB,M_F_41.02_REF_FINREP 3.0,F_41.02-->F_41.02_REF__FINREP 3.0,M_F_41.02_REF_FINREP 3.0,EBA_FINREP_EBA_F_41.02_FINREP_3.0-Ind,FINREP_REF_F_41.02_REF_FINREP 3.0,"Mapping cubes, source cube: F_41.02, target cube: F_41.02_REF, version: FINREP 3.0"
ECB,M_F_20.04_REF_FINREP 3.0,F_20.04-->F_20.04_REF__FINREP 3.0,M_F_20.04_REF_FINREP 3.0,EBA_FINREP_EBA_F_20.04_FINREP_3.0-Ind,FINREP_REF_F_20.04_REF_FINREP 3.0,"Mapping cubes, source cube: F_20.04, target cube: F_20.04_REF, version: FINREP 3.0"
ECB,M_F_17.03_REF_FINREP 3.0,F_17.03-->F_17.03_REF__FINREP 3.0,M_F_17.03_REF_FINREP 3.0,EBA_FINREP_EBA_F_17.03_FINREP_3.0-Ind,FINREP_REF_F_17.03_REF_FINREP 3.0,"Mapping cubes, source cube: F_17.03, target cube: F_17.03_REF, version: FINREP 3.0"
ECB,M_F_30.01_REF_FINREP 3.0,F_30.01-->F_30.01_REF__FINREP 3.0,M_F_30.01_REF_FINREP 3.0,EBA_FINREP_EBA_F_30.01_FINREP_3.0-Ind,FINREP_REF_F_30.01_REF_FINREP 3.0,"Mapping cubes, source cube: F_30.01, target cube: F_30.01_REF, version: FINREP 3.0"
ECB,M_F_44.01_REF_FINREP 3.0,F_44.01-->F_44.01_REF__FINREP 3.0,M_F_44.01_REF_FINREP 3.0,EBA_FINREP_EBA_F_44.01_FINREP_3.0-Ind,FINREP_REF_F_44.01_REF_FINREP 3.0,"Mapping cubes, source cube: F_44.01, target cube: F_44.01_REF, version: FINREP 3.0"
ECB,M_F_11.02_REF_FINREP 3.0,F_11.02-->F_11.02_REF__FINREP 3.0,M_F_11.02_REF_FINREP 3.0,EBA_FINREP_EBA_F_11.02_FINREP_3.0-Ind,FINREP_REF_F_11.02_REF_FINREP 3.0,"Mapping cubes, source cube: F_11.02, target cube: F_11.02_REF, version: FINREP 3.0"
ECB,M_F_04.09_REF_FINREP 3.0,F_04.09-->F_04.09_REF__FINREP 3.0,M_F_04.09_REF_FINREP 3.0,EBA_FINREP_EBA_F_04.09_FINREP_3.0-Ind,FINREP_REF_F_04.09_REF_FINREP 3.0,"Mapping cubes, source cube: F_04.09, target cube: F_04.09_REF, version: FINREP 3.0"
ECB,M_F_41.01_REF_FINREP 3.0,F_41.01-->F_41.01_REF__FINREP 3.0,M_F_41.01_REF_FINREP 3.0,EBA_FINREP_EBA_F_41.01_FINREP_3.0-Ind,FINREP_REF_F_41.01_REF_FINREP 3.0,"Mapping cubes, source cube: F_41.01, target cube: F_41.01_REF, version: FINREP 3.0"
ECB,M_F_06.01_REF_FINREP 3.0,F_06.01-->F_06.01_REF__FINREP 3.0,M_F_06.01_REF_FINREP 3.0,EBA_FINREP_EBA_F_06.01_FINREP_3.0-Ind,FINREP_REF_F_06.01_REF_FINREP 3.0,"Mapping cubes, source cube: F_06.01, target cube: F_06.01_REF, version: FINREP 3.0"
ECB,M_F_22.02_REF_FINREP 3.0,F_22.02-->F_22.02_REF__FINREP 3.0,M_F_22.02_REF_FINREP 3.0,EBA_FINREP_EBA_F_22.02_FINREP_3.0-Ind,FINREP_REF_F_22.02_REF_FINREP 3.0,"Mapping cubes, source cube: F_22.02, target cube: F_22.02_REF, version: FINREP 3.0"
ECB,M_F_42.00_REF_FINREP 3.0,F_42.00-->F_42.00_REF__FINREP 3.0,M_F_42.00_REF_FINREP 3.0,EBA_FINREP_EBA_F_42.00_FINREP_3.0-Ind,FINREP_REF_F_42.00_REF_FINREP 3.0,"Mapping cubes, source cube: F_42.00, target cube: F_42.00_REF, version: FINREP 3.0"
ECB,M_F_13.02.1.b_REF_FINREP 2.9,F_13.02.1.b-->F_13.02.1.b_REF__FINREP 2.9,M_F_13.02.1.b_REF_FINREP 2.9,EBA_FINREP_EBA_F_13.02.1.b_FINREP_2.9,FINREP_REF_F_13.02.1.b_REF_FINREP 2.9,"Mapping cubes, source cube: F_13.02.1.b, target cube: F_13.02.1.b_REF, version: FINREP 2.9"
ECB,M_F_44.02_REF_FINREP 3.0,F_44.02-->F_44.02_REF__FINREP 3.0,M_F_44.02_REF_FINREP 3.0,EBA_FINREP_EBA_F_44.02_FINREP_3.0-Ind,FINREP_REF_F_44.02_REF_FINREP 3.0,"Mapping cubes, source cube: F_44.02, target cube: F_44.02_REF, version: FINREP 3.0"
ECB,M_F_16.04_REF_FINREP 3.0,F_16.04-->F_16.04_REF__FINREP 3.0,M_F_16.04_REF_FINREP 3.0,EBA_FINREP_EBA_F_16.04_FINREP_3.0-Ind,FINREP_REF_F_16.04_REF_FINREP 3.0,"Mapping cubes, source cube: F_16.04, target cube: F_16.04_REF, version: FINREP 3.0"
ECB,M_F_30.02_REF_FINREP 3.0,F_30.02-->F_30.02_REF__FINREP 3.0,M_F_30.02_REF_FINREP 3.0,EBA_FINREP_EBA_F_30.02_FINREP_3.0-Ind,FINREP_REF_F_30.02_REF_FINREP 3.0,"Mapping cubes, source cube: F_30.02, target cube: F_30.02_REF, version: FINREP 3.0"
ECB,M_F_16.01_REF_FINREP 3.0,F_16.01-->F_16.01_REF__FINREP 3.0,M_F_16.01_REF_FINREP 3.0,EBA_FINREP_EBA_F_16.01_FINREP_3.0-Ind,FINREP_REF_F_16.01_REF_FINREP 3.0,"Mapping cubes, source cube: F_16.01, target cube: F_16.01_REF, version: FINREP 3.0"
ECB,M_F_01.02_REF_FINREP 3.0,F_01.02-->F_01.02_REF__FINREP 3.0,M_F_01.02_REF_FINREP 3.0,EBA_FINREP_EBA_F_01.02_FINREP_3.0-Ind,FINREP_REF_F_01.02_REF_FINREP 3.0,"Mapping cubes, source cube: F_01.02, target cube: F_01.02_REF, version: FINREP 3.0"
ECB,M_F_13.02.1.a_REF_FINREP 2.9,F_13.02.1.a-->F_13.02.1.a_REF__FINREP 2.9,M_F_13.02.1.a_REF_FINREP 2.9,EBA_FINREP_EBA_F_13.02.1.a_FINREP_2.9,FINREP_REF_F_13.02.1.a_REF_FINREP 2.9,"Mapping cubes, source cube: F_13.02.1.a, target cube: F_13.02.1.a_REF, version: FINREP 2.9"
ECB,M_F_45.03_REF_FINREP 3.0,F_45.03-->F_45.03_REF__FINREP 3.0,M_F_45.03_REF_FINREP 3.0,EBA_FINREP_EBA_F_45.03_FINREP_3.0-Ind,FINREP_REF_F_45.03_REF_FINREP 3.0,"Mapping cubes, source cube: F_45.03, target cube: F_45.03_REF, version: FINREP 3.0"
ECB,M_F_09.02_REF_FINREP 3.0,F_09.02-->F_09.02_REF__FINREP 3.0,M_F_09.02_REF_FINREP 3.0,EBA_FINREP_EBA_F_09.02_FINREP_3.0-Ind,FINREP_REF_F_09.02_REF_FINREP 3.0,"Mapping cubes, source cube: F_09.02, target cube: F_09.02_REF, version: FINREP 3.0"
ECB,M_F_04.01_REF_FINREP 3.0,F_04.01-->F_04.01_REF__FINREP 3.0,M_F_04.01_REF_FINREP 3.0,EBA_FINREP_EBA_F_04.01_FINREP_3.0-Ind,FINREP_REF_F_04.01_REF_FINREP 3.0,"Mapping cubes, source cube: F_04.01, target cube: F_04.01_REF, version: FINREP 3.0"
ECB,M_F_20.02_REF_FINREP 3.0,F_20.02-->F_20.02_REF__FINREP 3.0,M_F_20.02_REF_FINREP 3.0,EBA_FINREP_EBA_F_20.02_FINREP_3.0-Ind,FINREP_REF_F_20.02_REF_FINREP 3.0,"Mapping cubes, source cube: F_20.02, target cube: F_20.02_REF, version: FINREP 3.0"
ECB,M_F_02.00_REF_FINREP 3.0,F_02.00-->F_02.00_REF__FINREP 3.0,M_F_02.00_REF_FINREP 3.0,EBA_FINREP_EBA_F_02.00_FINREP_3.0-Ind,FINREP_REF_F_02.00_REF_FINREP 3.0,"Mapping cubes, source cube: F_02.00, target cube: F_02.00_REF, version: FINREP 3.0"
ECB,M_F_09.01_REF_FINREP 3.0,F_09.01-->F_09.01_REF__FINREP 3.0,M_F_09.01_REF_FINREP 3.0,EBA_FINREP_EBA_F_09.01_FINREP_3.0-Ind,FINREP_REF_F_09.01_REF_FINREP 3.0,"Mapping cubes, source cube: F_09.01, target cube: F_09.01_REF, version: FINREP 3.0"
ECB,M_F_16.02_REF_FINREP 3.0,F_16.02-->F_16.02_REF__FINREP 3.0,M_F_16.02_REF_FINREP 3.0,EBA_FINREP_EBA_F_16.02_FINREP_3.0-Ind,FINREP_REF_F_16.02_REF_FINREP 3.0,"Mapping cubes, source cube: F_16.02, target cube: F_16.02_REF, version: FINREP 3.0"
ECB,M_F_01.01_REF_FINREP 3.0,F_01.01-->F_01.01_REF__FINREP 3.0,M_F_01.01_REF_FINREP 3.0,EBA_FINREP_EBA_F_01.01_FINREP_3.0-Ind,FINREP_REF_F_01.01_REF_FINREP 3.0,"Mapping cubes, source cube: F_01.01, target cube: F_01.01_REF, version: FINREP 3.0"
ECB,M_F_10.00_REF_FINREP 3.0,F_10.00-->F_10.00_REF__FINREP 3.0,M_F_10.00_REF_FINREP 3.0,EBA_FINREP_EBA_F_10.00_FINREP_3.0-Ind,FINREP_REF_F_10.00_REF_FINREP 3.0,"Mapping cubes, source cube: F_10.00, target cube: F_10.00_REF, version: FINREP 3.0"
ECB,M_F_20.01_REF_FINREP 3.0,F_20.01-->F_20.01_REF__FINREP 3.0,M_F_20.01_REF_FINREP 3.0,EBA_FINREP_EBA_F_20.01_FINREP_3.0-Ind,FINREP_REF_F_20.01_REF_FINREP 3.0,"Mapping cubes, source cube: F_20.01, target cube: F_20.01_REF, version: FINREP 3.0"
ECB,M_F_11.04_REF_FINREP 3.0,F_11.04-->F_11.04_REF__FINREP 3.0,M_F_11.04_REF_FINREP 3.0,EBA_FINREP_EBA_F_11.04_FINREP_3.0-Ind,FINREP_REF_F_11.04_REF_FINREP 3.0,"Mapping cubes, source cube: F_11.04, target cube: F_11.04_REF, version: FINREP 3.0"
ECB,M_F_04.10_REF_FINREP 3.0,F_04.10-->F_04.10_REF__FINREP 3.0,M_F_04.10_REF_FINREP 3.0,EBA_FINREP_EBA_F_04.10_FINREP_3.0-Ind,FINREP_REF_F_04.10_REF_FINREP 3.0,"Mapping cubes, source cube: F_04.10, target cube: F_04.10_REF, version: FINREP 3.0"
ECB,M_F_13.01_REF_FINREP 3.0,F_13.01-->F_13.01_REF__FINREP 3.0,M_F_13.01_REF_FINREP 3.0,EBA_FINREP_EBA_F_13.01_FINREP_3.0-Ind,FINREP_REF_F_13.01_REF_FINREP 3.0,"Mapping cubes, source cube: F_13.01, target cube: F_13.01_REF, version: FINREP 3.0"
ECB,M_F_12.02_REF_FINREP 3.0,F_12.02-->F_12.02_REF__FINREP 3.0,M_F_12.02_REF_FINREP 3.0,EBA_FINREP_EBA_F_12.02_FINREP_3.0-Ind,FINREP_REF_F_12.02_REF_FINREP 3.0,"Mapping cubes, source cube: F_12.02, target cube: F_12.02_REF, version: FINREP 3.0"
ECB,M_F_05.01_REF_FINREP 3.0,F_05.01-->F_05.01_REF__FINREP 3.0,M_F_05.01_REF_FINREP 3.0,EBA_FINREP_EBA_F_05.01_FINREP_3.0-Ind,FINREP_REF_F_05.01_REF_FINREP 3.0,"Mapping cubes, source cube: F_05.01, target cube: F_05.01_REF, version: FINREP 3.0"
ECB,M_F_04.05_REF_FINREP 3.0,F_04.05-->F_04.05_REF__FINREP 3.0,M_F_04.05_REF_FINREP 3.0,EBA_FINREP_EBA_F_04.05_FINREP_3.0-Ind,FINREP_REF_F_04.05_REF_FINREP 3.0,"Mapping cubes, source cube: F_04.05, target cube: F_04.05_REF, version: FINREP 3.0"
ECB,M_F_20.06_REF_FINREP 3.0,F_20.06-->F_20.06_REF__FINREP 3.0,M_F_20.06_REF_FINREP 3.0,EBA_FINREP_EBA_F_20.06_FINREP_3.0-Ind,FINREP_REF_F_20.06_REF_FINREP 3.0,"Mapping cubes, source cube: F_20.06, target cube: F_20.06_REF, version: FINREP 3.0"
ECB,M_F_11.03_REF_FINREP 3.0,F_11.03-->F_11.03_REF__FINREP 3.0,M_F_11.03_REF_FINREP 3.0,EBA_FINREP_EBA_F_11.03_FINREP_3.0-Ind,FINREP_REF_F_11.03_REF_FINREP 3.0,"Mapping cubes, source cube: F_11.03, target cube: F_11.03_REF, version: FINREP 3.0"
ECB,M_F_04.08_REF_FINREP 3.0,F_04.08-->F_04.08_REF__FINREP 3.0,M_F_04.08_REF_FINREP 3.0,EBA_FINREP_EBA_F_04.08_FINREP_3.0-Ind,FINREP_REF_F_04.08_REF_FINREP 3.0,"Mapping cubes, source cube: F_04.08, target cube: F_04.08_REF, version: FINREP 3.0"
ECB,M_F_17.01_REF_FINREP 3.0,F_17.01-->F_17.01_REF__FINREP 3.0,M_F_17.01_REF_FINREP 3.0,EBA_FINREP_EBA_F_17.01_FINREP_3.0-Ind,FINREP_REF_F_17.01_REF_FINREP 3.0,"Mapping cubes, source cube: F_17.01, target cube: F_17.01_REF, version: FINREP 3.0"
ECB,M_F_16.05_REF_FINREP 3.0,F_16.05-->F_16.05_REF__FINREP 3.0,M_F_16.05_REF_FINREP 3.0,EBA_FINREP_EBA_F_16.05_FINREP_3.0-Ind,FINREP_REF_F_16.05_REF_FINREP 3.0,"Mapping cubes, source cube: F_16.05, target cube: F_16.05_REF, version: FINREP 3.0"
ECB,M_F_14.00_REF_FINREP 3.0,F_14.00-->F_14.00_REF__FINREP 3.0,M_F_14.00_REF_FINREP 3.0,EBA_FINREP_EBA_F_14.00_FINREP_3.0-Ind,FINREP_REF_F_14.00_REF_FINREP 3.0,"Mapping cubes, source cube: F_14.00, target cube: F_14.00_REF, version: FINREP 3.0"
ECB,M_F_08.02_REF_FINREP 3.0,F_08.02-->F_08.02_REF__FINREP 3.0,M_F_08.02_REF_FINREP 3.0,EBA_FINREP_EBA_F_08.02_FINREP_3.0-Ind,FINREP_REF_F_08.02_REF_FINREP 3.0,"Mapping cubes, source cube: F_08.02, target cube: F_08.02_REF, version: FINREP 3.0"
ECB,M_F_44.03_REF_FINREP 3.0,F_44.03-->F_44.03_REF__FINREP 3.0,M_F_44.03_REF_FINREP 3.0,EBA_FINREP_EBA_F_44.03_FINREP_3.0-Ind,FINREP_REF_F_44.03_REF_FINREP 3.0,"Mapping cubes, source cube: F_44.03, target cube: F_44.03_REF, version: FINREP 3.0"
ECB,M_F_16.08_REF_FINREP 3.0,F_16.08-->F_16.08_REF__FINREP 3.0,M_F_16.08_REF_FINREP 3.0,EBA_FINREP_EBA_F_16.08_FINREP_3.0-Ind,FINREP_REF_F_16.08_REF_FINREP 3.0,"Mapping cubes, source cube: F_16.08, target cube: F_16.08_REF, version: FINREP 3.0"
ECB,M_F_13.03.1.b_REF_FINREP 2.9,F_13.03.1.b-->F_13.03.1.b_REF__FINREP 2.9,M_F_13.03.1.b_REF_FINREP 2.9,EBA_FINREP_EBA_F_13.03.1.b_FINREP_2.9,FINREP_REF_F_13.03.1.b_REF_FINREP 2.9,"Mapping cubes, source cube: F_13.03.1.b, target cube: F_13.03.1.b_REF, version: FINREP 2.9"
ECB,M_F_04.06_REF_FINREP 3.0,F_04.06-->F_04.06_REF__FINREP 3.0,M_F_04.06_REF_FINREP 3.0,EBA_FINREP_EBA_F_04.06_FINREP_3.0-Ind,FINREP_REF_F_04.06_REF_FINREP 3.0,"Mapping cubes, source cube: F_04.06, target cube: F_04.06_REF, version: FINREP 3.0"
ECB,M_F_03.00_REF_FINREP 3.0,F_03.00-->F_03.00_REF__FINREP 3.0,M_F_03.00_REF_FINREP 3.0,EBA_FINREP_EBA_F_03.00_FINREP_3.0-Ind,FINREP_REF_F_03.00_REF_FINREP 3.0,"Mapping cubes, source cube: F_03.00, target cube: F_03.00_REF, version: FINREP 3.0"
ECB,M_F_00.01_REF_FINREP 3.0,F_00.01-->F_00.01_REF__FINREP 3.0,M_F_00.01_REF_FINREP 3.0,EBA_FINREP_EBA_F_00.01_FINREP_3.0-Ind,FINREP_REF_F_00.01_REF_FINREP 3.0,"Mapping cubes, source cube: F_00.01, target cube: F_00.01_REF, version: FINREP 3.0"
ECB,M_F_17.02_REF_FINREP 3.0,F_17.02-->F_17.02_REF__FINREP 3.0,M_F_17.02_REF_FINREP 3.0,EBA_FINREP_EBA_F_17.02_FINREP_3.0-Ind,FINREP_REF_F_17.02_REF_FINREP 3.0,"Mapping cubes, source cube: F_17.02, target cube: F_17.02_REF, version: FINREP 3.0"
ECB,M_F_16.06_REF_FINREP 3.0,F_16.06-->F_16.06_REF__FINREP 3.0,M_F_16.06_REF_FINREP 3.0,EBA_FINREP_EBA_F_16.06_FINREP_3.0-Ind,FINREP_REF_F_16.06_REF_FINREP 3.0,"Mapping cubes, source cube: F_16.06, target cube: F_16.06_REF, version: FINREP 3.0"
ECB,M_F_31.01_REF_FINREP 3.0,F_31.01-->F_31.01_REF__FINREP 3.0,M_F_31.01_REF_FINREP 3.0,EBA_FINREP_EBA_F_31.01_FINREP_3.0-Ind,FINREP_REF_F_31.01_REF_FINREP 3.0,"Mapping cubes, source cube: F_31.01, target cube: F_31.01_REF, version: FINREP 3.0"
ECB,M_F_16.03_REF_FINREP 3.0,F_16.03-->F_16.03_REF__FINREP 3.0,M_F_16.03_REF_FINREP 3.0,EBA_FINREP_EBA_F_16.03_FINREP_3.0-Ind,FINREP_REF_F_16.03_REF_FINREP 3.0,"Mapping cubes, source cube: F_16.03, target cube: F_16.03_REF, version: FINREP 3.0"
ECB,M_F_46.00_REF_FINREP 3.0,F_46.00-->F_46.00_REF__FINREP 3.0,M_F_46.00_REF_FINREP 3.0,EBA_FINREP_EBA_F_46.00_FINREP_3.0-Ind,FINREP_REF_F_46.00_REF_FINREP 3.0,"Mapping cubes, source cube: F_46.00, target cube: F_46.00_REF, version: FINREP 3.0"
ECB,M_F_45.01_REF_FINREP 3.0,F_45.01-->F_45.01_REF__FINREP 3.0,M_F_45.01_REF_FINREP 3.0,EBA_FINREP_EBA_F_45.01_FINREP_3.0-Ind,FINREP_REF_F_45.01_REF_FINREP 3.0,"Mapping cubes, source cube: F_45.01, target cube: F_45.01_REF, version: FINREP 3.0"
ECB,M_F_07.02_REF_FINREP 3.0,F_07.02-->F_07.02_REF__FINREP 3.0,M_F_07.02_REF_FINREP 3.0,EBA_FINREP_EBA_F_07.02_FINREP_3.0-Ind,FINREP_REF_F_07.02_REF_FINREP 3.0,"Mapping cubes, source cube: F_07.02, target cube: F_07.02_REF, version: FINREP 3.0"
ECB,M_F_40.02_REF_FINREP 3.0,F_40.02-->F_40.02_REF__FINREP 3.0,M_F_40.02_REF_FINREP 3.0,EBA_FINREP_EBA_F_40.02_FINREP_3.0-Ind,FINREP_REF_F_40.02_REF_FINREP 3.0,"Mapping cubes, source cube: F_40.02, target cube: F_40.02_REF, version: FINREP 3.0"
ECB,M_F_45.02_REF_FINREP 3.0,F_45.02-->F_45.02_REF__FINREP 3.0,M_F_45.02_REF_FINREP 3.0,EBA_FINREP_EBA_F_45.02_FINREP_3.0-Ind,FINREP_REF_F_45.02_REF_FINREP 3.0,"Mapping cubes, source cube: F_45.02, target cube: F_45.02_REF, version: FINREP 3.0"
ECB,M_F_13.03.1.a_REF_FINREP 2.9,F_13.03.1.a-->F_13.03.1.a_REF__FINREP 2.9,M_F_13.03.1.a_REF_FINREP 2.9,EBA_FINREP_EBA_F_13.03.1.a_FINREP_2.9,FINREP_REF_F_13.03.1.a_REF_FINREP 2.9,"Mapping cubes, source cube: F_13.03.1.a, target cube: F_13.03.1.a_REF, version: FINREP 2.9"
ECB,M_F_31.02_REF_FINREP 3.0,F_31.02-->F_31.02_REF__FINREP 3.0,M_F_31.02_REF_FINREP 3.0,EBA_FINREP_EBA_F_31.02_FINREP_3.0-Ind,FINREP_REF_F_31.02_REF_FINREP 3.0,"Mapping cubes, source cube: F_31.02, target cube: F_31.02_REF, version: FINREP 3.0"
ECB,M_F_01.03_REF_FINREP 3.0,F_01.03-->F_01.03_REF__FINREP 3.0,M_F_01.03_REF_FINREP 3.0,EBA_FINREP_EBA_F_01.03_FINREP_3.0-Ind,FINREP_REF_F_01.03_REF_FINREP 3.0,"Mapping cubes, source cube: F_01.03, target cube: F_01.03_REF, version: FINREP 3.0"
ECB,M_F_07.01_REF_FINREP 3.0,F_07.01-->F_07.01_REF__FINREP 3.0,M_F_07.01_REF_FINREP 3.0,EBA_FINREP_EBA_F_07.01_FINREP_3.0-Ind,FINREP_REF_F_07.01_REF_FINREP 3.0,"Mapping cubes, source cube: F_07.01, target cube: F_07.01_REF, version: FINREP 3.0"
ECB,M_F_40.01_REF_FINREP 3.0,F_40.01-->F_40.01_REF__FINREP 3.0,M_F_40.01_REF_FINREP 3.0,EBA_FINREP_EBA_F_40.01_FINREP_3.0-Ind,FINREP_REF_F_40.01_REF_FINREP 3.0,"Mapping cubes, source cube: F_40.01, target cube: F_40.01_REF, version: FINREP 3.0"
ECB,M_F_20.03_REF_FINREP 3.0,F_20.03-->F_20.03_REF__FINREP 3.0,M_F_20.03_REF_FINREP 3.0,EBA_FINREP_EBA_F_20.03_FINREP_3.0-Ind,FINREP_REF_F_20.03_REF_FINREP 3.0,"Mapping cubes, source cube: F_20.03, target cube: F_20.03_REF, version: FINREP 3.0"
ECB,M_F_43.00_REF_FINREP 3.0,F_43.00-->F_43.00_REF__FINREP 3.0,M_F_43.00_REF_FINREP 3.0,EBA_FINREP_EBA_F_43.00_FINREP_3.0-Ind,FINREP_REF_F_43.00_REF_FINREP 3.0,"Mapping cubes, source cube: F_43.00, target cube: F_43.00_REF, version: FINREP 3.0"
ECB,M_F_19.00.c_REF_FINREP 201,F_19.00.c-->F_19.00.c_REF__FINREP 201,M_F_19.00.c_REF_FINREP 201,EBA_FINREP_EBA_F_19.00.c_FINREP_2017-A,FINREP_REF_F_19.00.c_REF_FINREP 201,"Mapping cubes, source cube: F_19.00.c, target cube: F_19.00.c_REF, version: FINREP 201"
ECB,M_F_09.01.1_REF_FINREP 201,F_09.01.1-->F_09.01.1_REF__FINREP 201,M_F_09.01.1_REF_FINREP 201,EBA_FINREP_EBA_F_09.01.1_FINREP_2017-A,FINREP_REF_F_09.01.1_REF_FINREP 201,"Mapping cubes, source cube: F_09.01.1, target cube: F_09.01.1_REF, version: FINREP 201"
ECB,M_F_16.04.1_REF_FINREP 201,F_16.04.1-->F_16.04.1_REF__FINREP 201,M_F_16.04.1_REF_FINREP 201,EBA_FINREP_EBA_F_16.04.1_FINREP_2017-A,FINREP_REF_F_16.04.1_REF_FINREP 201,"Mapping cubes, source cube: F_16.04.1, target cube: F_16.04.1_REF, version: FINREP 201"
ECB,M_F_04.03.1_REF_FINREP 201,F_04.03.1-->F_04.03.1_REF__FINREP 201,M_F_04.03.1_REF_FINREP 201,EBA_FINREP_EBA_F_04.03.1_FINREP_2017-A,FINREP_REF_F_04.03.1_REF_FINREP 201,"Mapping cubes, source cube: F_04.03.1, target cube: F_04.03.1_REF, version: FINREP 201"
ECB,M_F_15.00.a_REF_FINREP 201,F_15.00.a-->F_15.00.a_REF__FINREP 201,M_F_15.00.a_REF_FINREP 201,EBA_FINREP_EBA_F_15.00.a_FINREP_2017-A,FINREP_REF_F_15.00.a_REF_FINREP 201,"Mapping cubes, source cube: F_15.00.a, target cube: F_15.00.a_REF, version: FINREP 201"
ECB,M_F_04.04.1_REF_FINREP 201,F_04.04.1-->F_04.04.1_REF__FINREP 201,M_F_04.04.1_REF_FINREP 201,EBA_FINREP_EBA_F_04.04.1_FINREP_2017-A,FINREP_REF_F_04.04.1_REF_FINREP 201,"Mapping cubes, source cube: F_04.04.1, target cube: F_04.04.1_REF, version: FINREP 201"
ECB,M_F_15.00.b_REF_FINREP 201,F_15.00.b-->F_15.00.b_REF__FINREP 201,M_F_15.00.b_REF_FINREP 201,EBA_FINREP_EBA_F_15.00.b_FINREP_2017-A,FINREP_REF_F_15.00.b_REF_FINREP 201,"Mapping cubes, source cube: F_15.00.b, target cube: F_15.00.b_REF, version: FINREP 201"
ECB,M_F_18.00.c_REF_FINREP 201,F_18.00.c-->F_18.00.c_REF__FINREP 201,M_F_18.00.c_REF_FINREP 201,EBA_FINREP_EBA_F_18.00.c_FINREP_2017-A,FINREP_REF_F_18.00.c_REF_FINREP 201,"Mapping cubes, source cube: F_18.00.c, target cube: F_18.00.c_REF, version: FINREP 201"
ECB,M_F_19.00.d_REF_FINREP 201,F_19.00.d-->F_19.00.d_REF__FINREP 201,M_F_19.00.d_REF_FINREP 201,EBA_FINREP_EBA_F_19.00.d_FINREP_2017-A,FINREP_REF_F_19.00.d_REF_FINREP 201,"Mapping cubes, source cube: F_19.00.d, target cube: F_19.00.d_REF, version: FINREP 201"
ECB,M_F_20.07.1_REF_FINREP 201,F_20.07.1-->F_20.07.1_REF__FINREP 201,M_F_20.07.1_REF_FINREP 201,EBA_FINREP_EBA_F_20.07.1_FINREP_2017-A,FINREP_REF_F_20.07.1_REF_FINREP 201,"Mapping cubes, source cube: F_20.07.1, target cube: F_20.07.1_REF, version: FINREP 201"
ECB,M_F_19.00.b_REF_FINREP 201,F_19.00.b-->F_19.00.b_REF__FINREP 201,M_F_19.00.b_REF_FINREP 201,EBA_FINREP_EBA_F_19.00.b_FINREP_2017-A,FINREP_REF_F_19.00.b_REF_FINREP 201,"Mapping cubes, source cube: F_19.00.b, target cube: F_19.00.b_REF, version: FINREP 201"
ECB,M_F_19.00.a_REF_FINREP 201,F_19.00.a-->F_19.00.a_REF__FINREP 201,M_F_19.00.a_REF_FINREP 201,EBA_FINREP_EBA_F_19.00.a_FINREP_2017-A,FINREP_REF_F_19.00.a_REF_FINREP 201,"Mapping cubes, source cube: F_19.00.a, target cube: F_19.00.a_REF, version: FINREP 201"
ECB,M_F_04.02.1_REF_FINREP 201,F_04.02.1-->F_04.02.1_REF__FINREP 201,M_F_04.02.1_REF_FINREP 201,EBA_FINREP_EBA_F_04.02.1_FINREP_2017-A,FINREP_REF_F_04.02.1_REF_FINREP 201,"Mapping cubes, source cube: F_04.02.1, target cube: F_04.02.1_REF, version: FINREP 201"
ECB,M_F_18.00.b_REF_FINREP 201,F_18.00.b-->F_18.00.b_REF__FINREP 201,M_F_18.00.b_REF_FINREP 201,EBA_FINREP_EBA_F_18.00.b_FINREP_2017-A,FINREP_REF_F_18.00.b_REF_FINREP 201,"Mapping cubes, source cube: F_18.00.b, target cube: F_18.00.b_REF, version: FINREP 201"
ECB,M_F_20.05.a_REF_FINREP 201,F_20.05.a-->F_20.05.a_REF__FINREP 201,M_F_20.05.a_REF_FINREP 201,EBA_FINREP_EBA_F_20.05.a_FINREP_2017-A,FINREP_REF_F_20.05.a_REF_FINREP 201,"Mapping cubes, source cube: F_20.05.a, target cube: F_20.05.a_REF, version: FINREP 201"
ECB,M_F_08.01.a_REF_FINREP 201,F_08.01.a-->F_08.01.a_REF__FINREP 201,M_F_08.01.a_REF_FINREP 201,EBA_FINREP_EBA_F_08.01.a_FINREP_2017-A,FINREP_REF_F_08.01.a_REF_FINREP 201,"Mapping cubes, source cube: F_08.01.a, target cube: F_08.01.a_REF, version: FINREP 201"
ECB,M_F_04.02.2_REF_FINREP 201,F_04.02.2-->F_04.02.2_REF__FINREP 201,M_F_04.02.2_REF_FINREP 201,EBA_FINREP_EBA_F_04.02.2_FINREP_2017-A,FINREP_REF_F_04.02.2_REF_FINREP 201,"Mapping cubes, source cube: F_04.02.2, target cube: F_04.02.2_REF, version: FINREP 201"
ECB,M_F_18.00.a_REF_FINREP 201,F_18.00.a-->F_18.00.a_REF__FINREP 201,M_F_18.00.a_REF_FINREP 201,EBA_FINREP_EBA_F_18.00.a_FINREP_2017-A,FINREP_REF_F_18.00.a_REF_FINREP 201,"Mapping cubes, source cube: F_18.00.a, target cube: F_18.00.a_REF, version: FINREP 201"
ECB,M_F_20.05.b_REF_FINREP 201,F_20.05.b-->F_20.05.b_REF__FINREP 201,M_F_20.05.b_REF_FINREP 201,EBA_FINREP_EBA_F_20.05.b_FINREP_2017-A,FINREP_REF_F_20.05.b_REF_FINREP 201,"Mapping cubes, source cube: F_20.05.b, target cube: F_20.05.b_REF, version: FINREP 201"
ECB,M_F_08.01.b_REF_FINREP 201,F_08.01.b-->F_08.01.b_REF__FINREP 201,M_F_08.01.b_REF_FINREP 201,EBA_FINREP_EBA_F_08.01.b_FINREP_2017-A,FINREP_REF_F_08.01.b_REF_FINREP 201,"Mapping cubes, source cube: F_08.01.b, target cube: F_08.01.b_REF, version: FINREP 201"
ECB,M_F_16.07.a_REF_FINREP 201,F_16.07.a-->F_16.07.a_REF__FINREP 201,M_F_16.07.a_REF_FINREP 201,EBA_FINREP_EBA_F_16.07.a_FINREP_2017-A,FINREP_REF_F_16.07.a_REF_FINREP 201,"Mapping cubes, source cube: F_16.07.a, target cube: F_16.07.a_REF, version: FINREP 201"
ECB,M_F_11.03.1_REF_FINREP 201,F_11.03.1-->F_11.03.1_REF__FINREP 201,M_F_11.03.1_REF_FINREP 201,EBA_FINREP_EBA_F_11.03.1_FINREP_2017-A,FINREP_REF_F_11.03.1_REF_FINREP 201,"Mapping cubes, source cube: F_11.03.1, target cube: F_11.03.1_REF, version: FINREP 201"
ECB,M_F_16.07.b_REF_FINREP 201,F_16.07.b-->F_16.07.b_REF__FINREP 201,M_F_16.07.b_REF_FINREP 201,EBA_FINREP_EBA_F_16.07.b_FINREP_2017-A,FINREP_REF_F_16.07.b_REF_FINREP 201,"Mapping cubes, source cube: F_16.07.b, target cube: F_16.07.b_REF, version: FINREP 201"
ECB,M_F_18.00.d_REF_FINREP 3.0,F_18.00.d-->F_18.00.d_REF__FINREP 3.0,M_F_18.00.d_REF_FINREP 3.0,EBA_FINREP_EBA_F_18.00.d_FINREP_3.0-Ind,FINREP_REF_F_18.00.d_REF_FINREP 3.0,"Mapping cubes, source cube: F_18.00.d, target cube: F_18.00.d_REF, version: FINREP 3.0"
ECB,M_F_25.01.a_REF_FINREP 3.0,F_25.01.a-->F_25.01.a_REF__FINREP 3.0,M_F_25.01.a_REF_FINREP 3.0,EBA_FINREP_EBA_F_25.01.a_FINREP_3.0-Ind,FINREP_REF_F_25.01.a_REF_FINREP 3.0,"Mapping cubes, source cube: F_25.01.a, target cube: F_25.01.a_REF, version: FINREP 3.0"
ECB,M_F_19.00.e_REF_FINREP 3.0,F_19.00.e-->F_19.00.e_REF__FINREP 3.0,M_F_19.00.e_REF_FINREP 3.0,EBA_FINREP_EBA_F_19.00.e_FINREP_3.0-Ind,FINREP_REF_F_19.00.e_REF_FINREP 3.0,"Mapping cubes, source cube: F_19.00.e, target cube: F_19.00.e_REF, version: FINREP 3.0"
ECB,M_F_25.01.b_REF_FINREP 3.0,F_25.01.b-->F_25.01.b_REF__FINREP 3.0,M_F_25.01.b_REF_FINREP 3.0,EBA_FINREP_EBA_F_25.01.b_FINREP_3.0-Ind,FINREP_REF_F_25.01.b_REF_FINREP 3.0,"Mapping cubes, source cube: F_25.01.b, target cube: F_25.01.b_REF, version: FINREP 3.0"
ECB,M_F_18.00.b_REF_FINREP 3.0,F_18.00.b-->F_18.00.b_REF__FINREP 3.0,M_F_18.00.b_REF_FINREP 3.0,EBA_FINREP_EBA_F_18.00.b_FINREP_3.0-Ind,FINREP_REF_F_18.00.b_REF_FINREP 3.0,"Mapping cubes, source cube: F_18.00.b, target cube: F_18.00.b_REF, version: FINREP 3.0"
ECB,M_F_12.01.a_REF_FINREP 3.0,F_12.01.a-->F_12.01.a_REF__FINREP 3.0,M_F_12.01.a_REF_FINREP 3.0,EBA_FINREP_EBA_F_12.01.a_FINREP_3.0-Ind,FINREP_REF_F_12.01.a_REF_FINREP 3.0,"Mapping cubes, source cube: F_12.01.a, target cube: F_12.01.a_REF, version: FINREP 3.0"
ECB,M_F_16.07.a_REF_FINREP 3.0,F_16.07.a-->F_16.07.a_REF__FINREP 3.0,M_F_16.07.a_REF_FINREP 3.0,EBA_FINREP_EBA_F_16.07.a_FINREP_3.0-Ind,FINREP_REF_F_16.07.a_REF_FINREP 3.0,"Mapping cubes, source cube: F_16.07.a, target cube: F_16.07.a_REF, version: FINREP 3.0"
ECB,M_F_20.07.1_REF_FINREP 3.0,F_20.07.1-->F_20.07.1_REF__FINREP 3.0,M_F_20.07.1_REF_FINREP 3.0,EBA_FINREP_EBA_F_20.07.1_FINREP_3.0-Ind,FINREP_REF_F_20.07.1_REF_FINREP 3.0,"Mapping cubes, source cube: F_20.07.1, target cube: F_20.07.1_REF, version: FINREP 3.0"
ECB,M_F_18.00.a_REF_FINREP 3.0,F_18.00.a-->F_18.00.a_REF__FINREP 3.0,M_F_18.00.a_REF_FINREP 3.0,EBA_FINREP_EBA_F_18.00.a_FINREP_3.0-Ind,FINREP_REF_F_18.00.a_REF_FINREP 3.0,"Mapping cubes, source cube: F_18.00.a, target cube: F_18.00.a_REF, version: FINREP 3.0"
ECB,M_F_04.03.1_REF_FINREP 3.0,F_04.03.1-->F_04.03.1_REF__FINREP 3.0,M_F_04.03.1_REF_FINREP 3.0,EBA_FINREP_EBA_F_04.03.1_FINREP_3.0-Ind,FINREP_REF_F_04.03.1_REF_FINREP 3.0,"Mapping cubes, source cube: F_04.03.1, target cube: F_04.03.1_REF, version: FINREP 3.0"
ECB,M_F_25.01.d_REF_FINREP 3.0,F_25.01.d-->F_25.01.d_REF__FINREP 3.0,M_F_25.01.d_REF_FINREP 3.0,EBA_FINREP_EBA_F_25.01.d_FINREP_3.0-Ind,FINREP_REF_F_25.01.d_REF_FINREP 3.0,"Mapping cubes, source cube: F_25.01.d, target cube: F_25.01.d_REF, version: FINREP 3.0"
ECB,M_F_12.01.b_REF_FINREP 3.0,F_12.01.b-->F_12.01.b_REF__FINREP 3.0,M_F_12.01.b_REF_FINREP 3.0,EBA_FINREP_EBA_F_12.01.b_FINREP_3.0-Ind,FINREP_REF_F_12.01.b_REF_FINREP 3.0,"Mapping cubes, source cube: F_12.01.b, target cube: F_12.01.b_REF, version: FINREP 3.0"
ECB,M_F_19.00.c_REF_FINREP 3.0,F_19.00.c-->F_19.00.c_REF__FINREP 3.0,M_F_19.00.c_REF_FINREP 3.0,EBA_FINREP_EBA_F_19.00.c_FINREP_3.0-Ind,FINREP_REF_F_19.00.c_REF_FINREP 3.0,"Mapping cubes, source cube: F_19.00.c, target cube: F_19.00.c_REF, version: FINREP 3.0"
ECB,M_F_16.07.b_REF_FINREP 3.0,F_16.07.b-->F_16.07.b_REF__FINREP 3.0,M_F_16.07.b_REF_FINREP 3.0,EBA_FINREP_EBA_F_16.07.b_FINREP_3.0-Ind,FINREP_REF_F_16.07.b_REF_FINREP 3.0,"Mapping cubes, source cube: F_16.07.b, target cube: F_16.07.b_REF, version: FINREP 3.0"
ECB,M_F_16.04.1_REF_FINREP 3.0,F_16.04.1-->F_16.04.1_REF__FINREP 3.0,M_F_16.04.1_REF_FINREP 3.0,EBA_FINREP_EBA_F_16.04.1_FINREP_3.0-Ind,FINREP_REF_F_16.04.1_REF_FINREP 3.0,"Mapping cubes, source cube: F_16.04.1, target cube: F_16.04.1_REF, version: FINREP 3.0"
ECB,M_F_25.02.c_REF_FINREP 3.0,F_25.02.c-->F_25.02.c_REF__FINREP 3.0,M_F_25.02.c_REF_FINREP 3.0,EBA_FINREP_EBA_F_25.02.c_FINREP_3.0-Ind,FINREP_REF_F_25.02.c_REF_FINREP 3.0,"Mapping cubes, source cube: F_25.02.c, target cube: F_25.02.c_REF, version: FINREP 3.0"
ECB,M_F_04.02.1_REF_FINREP 3.0,F_04.02.1-->F_04.02.1_REF__FINREP 3.0,M_F_04.02.1_REF_FINREP 3.0,EBA_FINREP_EBA_F_04.02.1_FINREP_3.0-Ind,FINREP_REF_F_04.02.1_REF_FINREP 3.0,"Mapping cubes, source cube: F_04.02.1, target cube: F_04.02.1_REF, version: FINREP 3.0"
ECB,M_F_04.04.1_REF_FINREP 3.0,F_04.04.1-->F_04.04.1_REF__FINREP 3.0,M_F_04.04.1_REF_FINREP 3.0,EBA_FINREP_EBA_F_04.04.1_FINREP_3.0-Ind,FINREP_REF_F_04.04.1_REF_FINREP 3.0,"Mapping cubes, source cube: F_04.04.1, target cube: F_04.04.1_REF, version: FINREP 3.0"
ECB,M_F_19.00.d_REF_FINREP 3.0,F_19.00.d-->F_19.00.d_REF__FINREP 3.0,M_F_19.00.d_REF_FINREP 3.0,EBA_FINREP_EBA_F_19.00.d_FINREP_3.0-Ind,FINREP_REF_F_19.00.d_REF_FINREP 3.0,"Mapping cubes, source cube: F_19.00.d, target cube: F_19.00.d_REF, version: FINREP 3.0"
ECB,M_F_25.01.c_REF_FINREP 3.0,F_25.01.c-->F_25.01.c_REF__FINREP 3.0,M_F_25.01.c_REF_FINREP 3.0,EBA_FINREP_EBA_F_25.01.c_FINREP_3.0-Ind,FINREP_REF_F_25.01.c_REF_FINREP 3.0,"Mapping cubes, source cube: F_25.01.c, target cube: F_25.01.c_REF, version: FINREP 3.0"
ECB,M_F_08.01.a_REF_FINREP 3.0,F_08.01.a-->F_08.01.a_REF__FINREP 3.0,M_F_08.01.a_REF_FINREP 3.0,EBA_FINREP_EBA_F_08.01.a_FINREP_3.0-Ind,FINREP_REF_F_08.01.a_REF_FINREP 3.0,"Mapping cubes, source cube: F_08.01.a, target cube: F_08.01.a_REF, version: FINREP 3.0"
ECB,M_F_20.05.a_REF_FINREP 3.0,F_20.05.a-->F_20.05.a_REF__FINREP 3.0,M_F_20.05.a_REF_FINREP 3.0,EBA_FINREP_EBA_F_20.05.a_FINREP_3.0-Ind,FINREP_REF_F_20.05.a_REF_FINREP 3.0,"Mapping cubes, source cube: F_20.05.a, target cube: F_20.05.a_REF, version: FINREP 3.0"
ECB,M_F_04.02.2_REF_FINREP 3.0,F_04.02.2-->F_04.02.2_REF__FINREP 3.0,M_F_04.02.2_REF_FINREP 3.0,EBA_FINREP_EBA_F_04.02.2_FINREP_3.0-Ind,FINREP_REF_F_04.02.2_REF_FINREP 3.0,"Mapping cubes, source cube: F_04.02.2, target cube: F_04.02.2_REF, version: FINREP 3.0"
ECB,M_F_20.05.b_REF_FINREP 3.0,F_20.05.b-->F_20.05.b_REF__FINREP 3.0,M_F_20.05.b_REF_FINREP 3.0,EBA_FINREP_EBA_F_20.05.b_FINREP_3.0-Ind,FINREP_REF_F_20.05.b_REF_FINREP 3.0,"Mapping cubes, source cube: F_20.05.b, target cube: F_20.05.b_REF, version: FINREP 3.0"
ECB,M_F_08.01.b_REF_FINREP 3.0,F_08.01.b-->F_08.01.b_REF__FINREP 3.0,M_F_08.01.b_REF_FINREP 3.0,EBA_FINREP_EBA_F_08.01.b_FINREP_3.0-Ind,FINREP_REF_F_08.01.b_REF_FINREP 3.0,"Mapping cubes, source cube: F_08.01.b, target cube: F_08.01.b_REF, version: FINREP 3.0"
ECB,M_F_18.00.e_REF_FINREP 3.0,F_18.00.e-->F_18.00.e_REF__FINREP 3.0,M_F_18.00.e_REF_FINREP 3.0,EBA_FINREP_EBA_F_18.00.e_FINREP_3.0-Ind,FINREP_REF_F_18.00.e_REF_FINREP 3.0,"Mapping cubes, source cube: F_18.00.e, target cube: F_18.00.e_REF, version: FINREP 3.0"
ECB,M_F_15.00.a_REF_FINREP 3.0,F_15.00.a-->F_15.00.a_REF__FINREP 3.0,M_F_15.00.a_REF_FINREP 3.0,EBA_FINREP_EBA_F_15.00.a_FINREP_3.0-Ind,FINREP_REF_F_15.00.a_REF_FINREP 3.0,"Mapping cubes, source cube: F_15.00.a, target cube: F_15.00.a_REF, version: FINREP 3.0"
ECB,M_F_09.01.1_REF_FINREP 3.0,F_09.01.1-->F_09.01.1_REF__FINREP 3.0,M_F_09.01.1_REF_FINREP 3.0,EBA_FINREP_EBA_F_09.01.1_FINREP_3.0-Ind,FINREP_REF_F_09.01.1_REF_FINREP 3.0,"Mapping cubes, source cube: F_09.01.1, target cube: F_09.01.1_REF, version: FINREP 3.0"
ECB,M_F_25.02.b_REF_FINREP 3.0,F_25.02.b-->F_25.02.b_REF__FINREP 3.0,M_F_25.02.b_REF_FINREP 3.0,EBA_FINREP_EBA_F_25.02.b_FINREP_3.0-Ind,FINREP_REF_F_25.02.b_REF_FINREP 3.0,"Mapping cubes, source cube: F_25.02.b, target cube: F_25.02.b_REF, version: FINREP 3.0"
ECB,M_F_19.00.b_REF_FINREP 3.0,F_19.00.b-->F_19.00.b_REF__FINREP 3.0,M_F_19.00.b_REF_FINREP 3.0,EBA_FINREP_EBA_F_19.00.b_FINREP_3.0-Ind,FINREP_REF_F_19.00.b_REF_FINREP 3.0,"Mapping cubes, source cube: F_19.00.b, target cube: F_19.00.b_REF, version: FINREP 3.0"
ECB,M_F_20.04_REF_FINREP 2.9,F_20.04-->F_20.04_REF__FINREP 2.9,M_F_20.04_REF_FINREP 2.9,EBA_FINREP_EBA_F_20.04_FINREP_2.9.1-Ind,FINREP_REF_F_20.04_REF_FINREP 2.9,"Mapping cubes, source cube: F_20.04, target cube: F_20.04_REF, version: FINREP 2.9"
ECB,M_F_15.00.b_REF_FINREP 3.0,F_15.00.b-->F_15.00.b_REF__FINREP 3.0,M_F_15.00.b_REF_FINREP 3.0,EBA_FINREP_EBA_F_15.00.b_FINREP_3.0-Ind,FINREP_REF_F_15.00.b_REF_FINREP 3.0,"Mapping cubes, source cube: F_15.00.b, target cube: F_15.00.b_REF, version: FINREP 3.0"
ECB,M_F_18.00.c_REF_FINREP 3.0,F_18.00.c-->F_18.00.c_REF__FINREP 3.0,M_F_18.00.c_REF_FINREP 3.0,EBA_FINREP_EBA_F_18.00.c_FINREP_3.0-Ind,FINREP_REF_F_18.00.c_REF_FINREP 3.0,"Mapping cubes, source cube: F_18.00.c, target cube: F_18.00.c_REF, version: FINREP 3.0"
ECB,M_F_11.03.1_REF_FINREP 3.0,F_11.03.1-->F_11.03.1_REF__FINREP 3.0,M_F_11.03.1_REF_FINREP 3.0,EBA_FINREP_EBA_F_11.03.1_FINREP_3.0-Ind,FINREP_REF_F_11.03.1_REF_FINREP 3.0,"Mapping cubes, source cube: F_11.03.1, target cube: F_11.03.1_REF, version: FINREP 3.0"
ECB,M_F_19.00.a_REF_FINREP 3.0,F_19.00.a-->F_19.00.a_REF__FINREP 3.0,M_F_19.00.a_REF_FINREP 3.0,EBA_FINREP_EBA_F_19.00.a_FINREP_3.0-Ind,FINREP_REF_F_19.00.a_REF_FINREP 3.0,"Mapping cubes, source cube: F_19.00.a, target cube: F_19.00.a_REF, version: FINREP 3.0"
ECB,M_F_25.02.a_REF_FINREP 3.0,F_25.02.a-->F_25.02.a_REF__FINREP 3.0,M_F_25.02.a_REF_FINREP 3.0,EBA_FINREP_EBA_F_25.02.a_FINREP_3.0-Ind,FINREP_REF_F_25.02.a_REF_FINREP 3.0,"Mapping cubes, source cube: F_25.02.a, target cube: F_25.02.a_REF, version: FINREP 3.0"
ECB,M_F_13.02.1.a_REF_FINREP 3.0,F_13.02.1.a-->F_13.02.1.a_REF__FINREP 3.0,M_F_13.02.1.a_REF_FINREP 3.0,EBA_FINREP_EBA_F_13.02.1.a_FINREP_3.0-Ind,FINREP_REF_F_13.02.1.a_REF_FINREP 3.0,"Mapping cubes, source cube: F_13.02.1.a, target cube: F_13.02.1.a_REF, version: FINREP 3.0"
ECB,M_F_13.02.1.b_REF_FINREP 3.0,F_13.02.1.b-->F_13.02.1.b_REF__FINREP 3.0,M_F_13.02.1.b_REF_FINREP 3.0,EBA_FINREP_EBA_F_13.02.1.b_FINREP_3.0-Ind,FINREP_REF_F_13.02.1.b_REF_FINREP 3.0,"Mapping cubes, source cube: F_13.02.1.b, target cube: F_13.02.1.b_REF, version: FINREP 3.0"
ECB,M_F_13.03.1.b_REF_FINREP 3.0,F_13.03.1.b-->F_13.03.1.b_REF__FINREP 3.0,M_F_13.03.1.b_REF_FINREP 3.0,EBA_FINREP_EBA_F_13.03.1.b_FINREP_3.0-Ind,FINREP_REF_F_13.03.1.b_REF_FINREP 3.0,"Mapping cubes, source cube: F_13.03.1.b, target cube: F_13.03.1.b_REF, version: FINREP 3.0"
ECB,M_F_13.03.1.a_REF_FINREP 3.0,F_13.03.1.a-->F_13.03.1.a_REF__FINREP 3.0,M_F_13.03.1.a_REF_FINREP 3.0,EBA_FINREP_EBA_F_13.03.1.a_FINREP_3.0-Ind,FINREP_REF_F_13.03.1.a_REF_FINREP 3.0,"Mapping cubes, source cube: F_13.03.1.a, target cube: F_13.03.1.a_REF, version: FINREP 3.0"
ECB,M_SHSG4_ISIN_REF_1,SHSG4_ISIN-->SHSG4_ISIN_REF__1,M_SHSG4_ISIN_REF_1,ECB2_SHSG4_ISIN_1,SHS_REF_SHSG4_ISIN_REF_1,"Mapping cubes, source cube: SHSG4_ISIN, target cube: SHSG4_ISIN_REF, version: 1"
ECB,M_SHSG4_GROUP_REF_1,SHSG4_GROUP-->SHSG4_GROUP_REF__1,M_SHSG4_GROUP_REF_1,ECB2_SHSG4_GROUP_1,SHS_REF_SHSG4_GROUP_REF_1,"Mapping cubes, source cube: SHSG4_GROUP, target cube: SHSG4_GROUP_REF, version: 1"
ECB,M_SHSG4_ENTITY_REF_1,SHSG4_ENTITY-->SHSG4_ENTITY_REF__1,M_SHSG4_ENTITY_REF_1,ECB2_SHSG4_ENTITY_1,SHS_REF_SHSG4_ENTITY_REF_1,"Mapping cubes, source cube: SHSG4_ENTITY, target cube: SHSG4_ENTITY_REF, version: 1"
ECB,M_SHSG4_NON_ISIN_REF_1,SHSG4_NON_ISIN-->SHSG4_NON_ISIN_REF__1,M_SHSG4_NON_ISIN_REF_1,ECB2_SHSG4_NON_ISIN_1,SHS_REF_SHSG4_NON_ISIN_REF_1,"Mapping cubes, source cube: SHSG4_NON_ISIN, target cube: SHSG4_NON_ISIN_REF, version: 1"
ECB,M_A_00.01_REF_AE 3.2,A_00.01-->A_00.01_REF__AE 3.2,M_A_00.01_REF_AE 3.2,EBA_AE_EBA_A_00.01_AE_3.2,AE_REF_A_00.01_REF_AE 3.2,"Mapping cubes, source cube: A_00.01, target cube: A_00.01_REF, version: AE 3.2"
ECB,M_F_32.01_REF_AE 3.2,F_32.01-->F_32.01_REF__AE 3.2,M_F_32.01_REF_AE 3.2,EBA_AE_EBA_F_32.01_AE_3.2,AE_REF_F_32.01_REF_AE 3.2,"Mapping cubes, source cube: F_32.01, target cube: F_32.01_REF, version: AE 3.2"
ECB,M_F_33.00.a_REF_AE 3.2,F_33.00.a-->F_33.00.a_REF__AE 3.2,M_F_33.00.a_REF_AE 3.2,EBA_AE_EBA_F_33.00.a_AE_3.2,AE_REF_F_33.00.a_REF_AE 3.2,"Mapping cubes, source cube: F_33.00.a, target cube: F_33.00.a_REF, version: AE 3.2"
ECB,M_F_36.02.a_REF_AE 3.2,F_36.02.a-->F_36.02.a_REF__AE 3.2,M_F_36.02.a_REF_AE 3.2,EBA_AE_EBA_F_36.02.a_AE_3.2,AE_REF_F_36.02.a_REF_AE 3.2,"Mapping cubes, source cube: F_36.02.a, target cube: F_36.02.a_REF, version: AE 3.2"
ECB,M_F_35.00.b_REF_AE 3.2,F_35.00.b-->F_35.00.b_REF__AE 3.2,M_F_35.00.b_REF_AE 3.2,EBA_AE_EBA_F_35.00.b_AE_3.2,AE_REF_F_35.00.b_REF_AE 3.2,"Mapping cubes, source cube: F_35.00.b, target cube: F_35.00.b_REF, version: AE 3.2"
ECB,M_F_34.00.c_REF_AE 3.2,F_34.00.c-->F_34.00.c_REF__AE 3.2,M_F_34.00.c_REF_AE 3.2,EBA_AE_EBA_F_34.00.c_AE_3.2,AE_REF_F_34.00.c_REF_AE 3.2,"Mapping cubes, source cube: F_34.00.c, target cube: F_34.00.c_REF, version: AE 3.2"
ECB,M_F_32.03.a_REF_AE 3.2,F_32.03.a-->F_32.03.a_REF__AE 3.2,M_F_32.03.a_REF_AE 3.2,EBA_AE_EBA_F_32.03.a_AE_3.2,AE_REF_F_32.03.a_REF_AE 3.2,"Mapping cubes, source cube: F_32.03.a, target cube: F_32.03.a_REF, version: AE 3.2"
ECB,M_F_32.04.b_REF_AE 3.2,F_32.04.b-->F_32.04.b_REF__AE 3.2,M_F_32.04.b_REF_AE 3.2,EBA_AE_EBA_F_32.04.b_AE_3.2,AE_REF_F_32.04.b_REF_AE 3.2,"Mapping cubes, source cube: F_32.04.b, target cube: F_32.04.b_REF, version: AE 3.2"
ECB,M_F_36.02.c_REF_AE 3.2,F_36.02.c-->F_36.02.c_REF__AE 3.2,M_F_36.02.c_REF_AE 3.2,EBA_AE_EBA_F_36.02.c_AE_3.2,AE_REF_F_36.02.c_REF_AE 3.2,"Mapping cubes, source cube: F_36.02.c, target cube: F_36.02.c_REF, version: AE 3.2"
ECB,M_F_32.02.b_REF_AE 3.2,F_32.02.b-->F_32.02.b_REF__AE 3.2,M_F_32.02.b_REF_AE 3.2,EBA_AE_EBA_F_32.02.b_AE_3.2,AE_REF_F_32.02.b_REF_AE 3.2,"Mapping cubes, source cube: F_32.02.b, target cube: F_32.02.b_REF, version: AE 3.2"
ECB,M_F_36.01.b_REF_AE 3.2,F_36.01.b-->F_36.01.b_REF__AE 3.2,M_F_36.01.b_REF_AE 3.2,EBA_AE_EBA_F_36.01.b_AE_3.2,AE_REF_F_36.01.b_REF_AE 3.2,"Mapping cubes, source cube: F_36.01.b, target cube: F_36.01.b_REF, version: AE 3.2"
ECB,M_F_34.00.a_REF_AE 3.2,F_34.00.a-->F_34.00.a_REF__AE 3.2,M_F_34.00.a_REF_AE 3.2,EBA_AE_EBA_F_34.00.a_AE_3.2,AE_REF_F_34.00.a_REF_AE 3.2,"Mapping cubes, source cube: F_34.00.a, target cube: F_34.00.a_REF, version: AE 3.2"
ECB,M_F_33.00.b_REF_AE 3.2,F_33.00.b-->F_33.00.b_REF__AE 3.2,M_F_33.00.b_REF_AE 3.2,EBA_AE_EBA_F_33.00.b_AE_3.2,AE_REF_F_33.00.b_REF_AE 3.2,"Mapping cubes, source cube: F_33.00.b, target cube: F_33.00.b_REF, version: AE 3.2"
ECB,M_F_36.02.b_REF_AE 3.2,F_36.02.b-->F_36.02.b_REF__AE 3.2,M_F_36.02.b_REF_AE 3.2,EBA_AE_EBA_F_36.02.b_AE_3.2,AE_REF_F_36.02.b_REF_AE 3.2,"Mapping cubes, source cube: F_36.02.b, target cube: F_36.02.b_REF, version: AE 3.2"
ECB,M_F_35.00.a_REF_AE 3.2,F_35.00.a-->F_35.00.a_REF__AE 3.2,M_F_35.00.a_REF_AE 3.2,EBA_AE_EBA_F_35.00.a_AE_3.2,AE_REF_F_35.00.a_REF_AE 3.2,"Mapping cubes, source cube: F_35.00.a, target cube: F_35.00.a_REF, version: AE 3.2"
ECB,M_F_32.03.b_REF_AE 3.2,F_32.03.b-->F_32.03.b_REF__AE 3.2,M_F_32.03.b_REF_AE 3.2,EBA_AE_EBA_F_32.03.b_AE_3.2,AE_REF_F_32.03.b_REF_AE 3.2,"Mapping cubes, source cube: F_32.03.b, target cube: F_32.03.b_REF, version: AE 3.2"
ECB,M_F_36.01.c_REF_AE 3.2,F_36.01.c-->F_36.01.c_REF__AE 3.2,M_F_36.01.c_REF_AE 3.2,EBA_AE_EBA_F_36.01.c_AE_3.2,AE_REF_F_36.01.c_REF_AE 3.2,"Mapping cubes, source cube: F_36.01.c, target cube: F_36.01.c_REF, version: AE 3.2"
ECB,M_F_32.02.a_REF_AE 3.2,F_32.02.a-->F_32.02.a_REF__AE 3.2,M_F_32.02.a_REF_AE 3.2,EBA_AE_EBA_F_32.02.a_AE_3.2,AE_REF_F_32.02.a_REF_AE 3.2,"Mapping cubes, source cube: F_32.02.a, target cube: F_32.02.a_REF, version: AE 3.2"
ECB,M_F_32.04.a_REF_AE 3.2,F_32.04.a-->F_32.04.a_REF__AE 3.2,M_F_32.04.a_REF_AE 3.2,EBA_AE_EBA_F_32.04.a_AE_3.2,AE_REF_F_32.04.a_REF_AE 3.2,"Mapping cubes, source cube: F_32.04.a, target cube: F_32.04.a_REF, version: AE 3.2"
ECB,M_F_35.00.d_REF_AE 3.2,F_35.00.d-->F_35.00.d_REF__AE 3.2,M_F_35.00.d_REF_AE 3.2,EBA_AE_EBA_F_35.00.d_AE_3.2,AE_REF_F_35.00.d_REF_AE 3.2,"Mapping cubes, source cube: F_35.00.d, target cube: F_35.00.d_REF, version: AE 3.2"
ECB,M_F_35.00.c_REF_AE 3.2,F_35.00.c-->F_35.00.c_REF__AE 3.2,M_F_35.00.c_REF_AE 3.2,EBA_AE_EBA_F_35.00.c_AE_3.2,AE_REF_F_35.00.c_REF_AE 3.2,"Mapping cubes, source cube: F_35.00.c, target cube: F_35.00.c_REF, version: AE 3.2"
ECB,M_F_36.01.a_REF_AE 3.2,F_36.01.a-->F_36.01.a_REF__AE 3.2,M_F_36.01.a_REF_AE 3.2,EBA_AE_EBA_F_36.01.a_AE_3.2,AE_REF_F_36.01.a_REF_AE 3.2,"Mapping cubes, source cube: F_36.01.a, target cube: F_36.01.a_REF, version: AE 3.2"
ECB,M_F_34.00.b_REF_AE 3.2,F_34.00.b-->F_34.00.b_REF__AE 3.2,M_F_34.00.b_REF_AE 3.2,EBA_AE_EBA_F_34.00.b_AE_3.2,AE_REF_F_34.00.b_REF_AE 3.2,"Mapping cubes, source cube: F_34.00.b, target cube: F_34.00.b_REF, version: AE 3.2"