MAINTENANCE_AGENCY_ID,CUBE_STRUCTURE_ID,NAME,CODE,DESCRIPTION,VALID_FROM,VALID_TO,VERSION
,ASST_PL,ASST_PL,,,,,
,ASST_PL_CLLTRL_RCVD_ASSGNMNT,ASST_PL_CLLTRL_RCVD_ASSGNMNT,,,,,
,ASST_PL_DBT_SCRTY_PSTN_ASSGNMNT,ASST_PL_DBT_SCRTY_PSTN_ASSGNMNT,,,,,
,ASST_PL_EXCHNG_TRDBL_DRVTV_PSTN_ASSGNMNT,ASST_PL_EXCHNG_TRDBL_DRVTV_PSTN_ASSGNMNT,,,,,
,ASST_PL_INSTRMNT_ASSGNMNT,ASST_PL_INSTRMNT_ASSGNMNT,,,,,
,AXIS,AXIS,,,,,
,AXIS_ORDINATE,AXIS_ORDINATE,,,,,
,AortaTableReference,AortaTableReference,,,,,
,AutomodeConfiguration,AutomodeConfiguration,,,,,
,BLNC_SHT_NTTNG,BLNC_SHT_NTTNG,,,,,
,CELL_POSITION,CELL_POSITION,,,,,
,CLLTRL,CLLTRL,,,,,
,CLLTRL_GVN_INSTRMNT_DBT_SCRTY_ISSD_ASSGNMNT,CLLTRL_GVN_INSTRMNT_DBT_SCRTY_ISSD_ASSGNMNT,,,,,
,CLLTRL_NN_FNNCL_ASST_ASSGNMNT,CLLTRL_NN_FNNCL_ASST_ASSGNMNT,,,,,
,CLLTRL_RL,CLLTRL_RL,,,,,
,COMBINATION,COMBINATION,,,,,
,COMBINATION_ITEM,COMBINATION_ITEM,,,,,
,CRDT_FCLTY,CRDT_FCLTY,,,,,
,CRDT_FCLTY_CLLTRL_ASSGNMNT,CRDT_FCLTY_CLLTRL_ASSGNMNT,,,,,
,CRDT_FCLTY_CLLTRL_RCVD_INSTRMNT_ASSGNMNT,CRDT_FCLTY_CLLTRL_RCVD_INSTRMNT_ASSGNMNT,,,,,
,CRDT_FCLTY_ENTTY_RL_ASSGNMNT,CRDT_FCLTY_ENTTY_RL_ASSGNMNT,,,,,
,CRDT_RSK_MTGTN_ASSGNMNT,CRDT_RSK_MTGTN_ASSGNMNT,,,,,
,CRDT_TRNSFR_OTHR_SCRTSTN_CVRD_BND_PRGRM,CRDT_TRNSFR_OTHR_SCRTSTN_CVRD_BND_PRGRM,,,,,
,CSH_HND,CSH_HND,,,,,
,CUBE,CUBE,,,,,
,CUBE_LINK,CUBE_LINK,,,,,
,CUBE_STRUCTURE,CUBE_STRUCTURE,,,,,
,CUBE_STRUCTURE_ITEM,CUBE_STRUCTURE_ITEM,,,,,
,CUBE_STRUCTURE_ITEM_LINK,CUBE_STRUCTURE_ITEM_LINK,,,,,
,CUBE_TO_COMBINATION,CUBE_TO_COMBINATION,,,,,
,CVRD_BND_ISSNC,CVRD_BND_ISSNC,,,,,
,CVRD_BND_PRGRM,CVRD_BND_PRGRM,,,,,
,CVRD_BND_PRGRMM_RLVNT_RGM_EXCSS,CVRD_BND_PRGRMM_RLVNT_RGM_EXCSS,,,,,
,ContentType,ContentType,,,,,
,DBT_SCRTY_ISSD,DBT_SCRTY_ISSD,,,,,
,DBT_SCRTY_ISSD_HDG,DBT_SCRTY_ISSD_HDG,,,,,
,DBT_SCRTY_ISSD_PRTCN_ARRNGMNT_GVN_ASSGNMNT,DBT_SCRTY_ISSD_PRTCN_ARRNGMNT_GVN_ASSGNMNT,,,,,
,DBT_SCRTY_ISSD_TRDTNL_SCRTSTN_ASSGNMNT,DBT_SCRTY_ISSD_TRDTNL_SCRTSTN_ASSGNMNT,,,,,
,DOMAIN,DOMAIN,,,,,
,DatabaseColumnValue,DatabaseColumnValue,,,,,
,DatabaseField,DatabaseField,,,,,
,DatabaseRow,DatabaseRow,,,,,
,DatabaseTable,DatabaseTable,,,,,
,DerivedRowSourceReference,DerivedRowSourceReference,,,,,
,DerivedTable,DerivedTable,,,,,
,DerivedTableRow,DerivedTableRow,,,,,
,ENTTY_RL,ENTTY_RL,,,,,
,EQT_INSTRMNT_NT_SCRT_HDG,EQT_INSTRMNT_NT_SCRT_HDG,,,,,
,ETD_LBLTY_PSTN_SNTHTC_SCRTSTN_ASSGNMNT,ETD_LBLTY_PSTN_SNTHTC_SCRTSTN_ASSGNMNT,,,,,
,EXCHNG_TRDBL_DRVTV_PSTN,EXCHNG_TRDBL_DRVTV_PSTN,,,,,
,EXCHNG_TRDBL_DRVTV_PSTN_PRTCN_ARRNGMNT_ASSGNMNT,EXCHNG_TRDBL_DRVTV_PSTN_PRTCN_ARRNGMNT_ASSGNMNT,,,,,
,EXCHNG_TRDBL_DRVTV_PSTN_RL,EXCHNG_TRDBL_DRVTV_PSTN_RL,,,,,
,EvaluatedDerivedTable,EvaluatedDerivedTable,,,,,
,EvaluatedFunction,EvaluatedFunction,,,,,
,EvaluatedFunctionSourceValue,EvaluatedFunctionSourceValue,,,,,
,FACET_COLLECTION,FACET_COLLECTION,,,,,
,FNDMNTL_RVW_TRDNG_BK_STNDRD_APPRCH_RSK_MSR_ETD_PSTNS,FNDMNTL_RVW_TRDNG_BK_STNDRD_APPRCH_RSK_MSR_ETD_PSTNS,,,,,
,FNDMNTL_RVW_TRDNG_BK_STNDRD_APPRCH_RSK_MSR_FR_SCRTY_PSTNS,FNDMNTL_RVW_TRDNG_BK_STNDRD_APPRCH_RSK_MSR_FR_SCRTY_PSTNS,,,,,
,FNDMNTL_RVW_TRDNG_BK_STNDRD_APPRCH_RSK_MSR_OTC_PSTNS,FNDMNTL_RVW_TRDNG_BK_STNDRD_APPRCH_RSK_MSR_OTC_PSTNS,,,,,
,FNNCL_CNTRCT,FNNCL_CNTRCT,,,,,
,FNNCL_GRNT_INSTRMNT_DBT_SCRT_DBT_SCRTY_ASSGNMNT,FNNCL_GRNT_INSTRMNT_DBT_SCRT_DBT_SCRTY_ASSGNMNT,,,,,
,FRAMEWORK,FRAMEWORK,,,,,
,FR_VL_DCRS_CNTNGNT_ENCMBRNC,FR_VL_DCRS_CNTNGNT_ENCMBRNC,,,,,
,F_01_01_REF_FINREP_3_0_cube_structure,F_01_01_REF_FINREP_3_0_cube_structure,,,,,
,F_01_02_REF_FINREP_3_0_cube_structure,F_01_02_REF_FINREP_3_0_cube_structure,,,,,
,F_04_01_REF_FINREP_3_0_cube_structure,F_04_01_REF_FINREP_3_0_cube_structure,,,,,
,F_04_02_1_REF_FINREP_3_0_cube_structure,F_04_02_1_REF_FINREP_3_0_cube_structure,,,,,
,F_04_02_2_REF_FINREP_3_0_cube_structure,F_04_02_2_REF_FINREP_3_0_cube_structure,,,,,
,F_04_03_1_REF_FINREP_3_0_cube_structure,F_04_03_1_REF_FINREP_3_0_cube_structure,,,,,
,F_04_04_1_REF_FINREP_3_0_cube_structure,F_04_04_1_REF_FINREP_3_0_cube_structure,,,,,
,F_04_05_REF_FINREP_3_0_cube_structure,F_04_05_REF_FINREP_3_0_cube_structure,,,,,
,F_04_06_REF_FINREP_3_0_cube_structure,F_04_06_REF_FINREP_3_0_cube_structure,,,,,
,F_04_07_REF_FINREP_3_0_cube_structure,F_04_07_REF_FINREP_3_0_cube_structure,,,,,
,F_04_08_REF_FINREP_3_0_cube_structure,F_04_08_REF_FINREP_3_0_cube_structure,,,,,
,F_04_09_REF_FINREP_3_0_cube_structure,F_04_09_REF_FINREP_3_0_cube_structure,,,,,
,F_04_10_REF_FINREP_3_0_cube_structure,F_04_10_REF_FINREP_3_0_cube_structure,,,,,
,F_05_01_REF_FINREP_3_0_cube_structure,F_05_01_REF_FINREP_3_0_cube_structure,,,,,
,F_06_01_REF_FINREP_3_0_cube_structure,F_06_01_REF_FINREP_3_0_cube_structure,,,,,
,F_07_01_REF_FINREP_3_0_cube_structure,F_07_01_REF_FINREP_3_0_cube_structure,,,,,
,F_07_02_REF_FINREP_3_0_cube_structure,F_07_02_REF_FINREP_3_0_cube_structure,,,,,
,F_08_01_a_REF_FINREP_3_0_cube_structure,F_08_01_a_REF_FINREP_3_0_cube_structure,,,,,
,F_08_01_b_REF_FINREP_3_0_cube_structure,F_08_01_b_REF_FINREP_3_0_cube_structure,,,,,
,F_08_02_REF_FINREP_3_0_cube_structure,F_08_02_REF_FINREP_3_0_cube_structure,,,,,
,F_09_01_1_REF_FINREP_3_0_cube_structure,F_09_01_1_REF_FINREP_3_0_cube_structure,,,,,
,F_09_01_REF_FINREP_3_0_cube_structure,F_09_01_REF_FINREP_3_0_cube_structure,,,,,
,F_09_02_REF_FINREP_3_0_cube_structure,F_09_02_REF_FINREP_3_0_cube_structure,,,,,
,F_10_00_REF_FINREP_3_0_cube_structure,F_10_00_REF_FINREP_3_0_cube_structure,,,,,
,F_11_01_REF_FINREP_3_0_cube_structure,F_11_01_REF_FINREP_3_0_cube_structure,,,,,
,F_11_02_REF_FINREP_3_0_cube_structure,F_11_02_REF_FINREP_3_0_cube_structure,,,,,
,F_13_01_REF_FINREP_3_0_cube_structure,F_13_01_REF_FINREP_3_0_cube_structure,,,,,
,F_13_02_1_a_REF_FINREP_3_0_cube_structure,F_13_02_1_a_REF_FINREP_3_0_cube_structure,,,,,
,F_13_02_1_b_REF_FINREP_3_0_cube_structure,F_13_02_1_b_REF_FINREP_3_0_cube_structure,,,,,
,F_13_03_1_a_REF_FINREP_3_0_cube_structure,F_13_03_1_a_REF_FINREP_3_0_cube_structure,,,,,
,F_13_03_1_b_REF_FINREP_3_0_cube_structure,F_13_03_1_b_REF_FINREP_3_0_cube_structure,,,,,
,F_14_00_REF_FINREP_3_0_cube_structure,F_14_00_REF_FINREP_3_0_cube_structure,,,,,
,F_15_00_a_REF_FINREP_3_0_cube_structure,F_15_00_a_REF_FINREP_3_0_cube_structure,,,,,
,F_15_00_b_REF_FINREP_3_0_cube_structure,F_15_00_b_REF_FINREP_3_0_cube_structure,,,,,
,F_18_00_a_REF_FINREP_3_0_cube_structure,F_18_00_a_REF_FINREP_3_0_cube_structure,,,,,
,F_18_00_b_REF_FINREP_3_0_cube_structure,F_18_00_b_REF_FINREP_3_0_cube_structure,,,,,
,F_18_00_c_REF_FINREP_3_0_cube_structure,F_18_00_c_REF_FINREP_3_0_cube_structure,,,,,
,F_18_00_d_REF_FINREP_3_0_cube_structure,F_18_00_d_REF_FINREP_3_0_cube_structure,,,,,
,F_18_00_e_REF_FINREP_3_0_cube_structure,F_18_00_e_REF_FINREP_3_0_cube_structure,,,,,
,F_19_00_a_REF_FINREP_3_0_cube_structure,F_19_00_a_REF_FINREP_3_0_cube_structure,,,,,
,F_19_00_b_REF_FINREP_3_0_cube_structure,F_19_00_b_REF_FINREP_3_0_cube_structure,,,,,
,F_19_00_c_REF_FINREP_3_0_cube_structure,F_19_00_c_REF_FINREP_3_0_cube_structure,,,,,
,F_19_00_d_REF_FINREP_3_0_cube_structure,F_19_00_d_REF_FINREP_3_0_cube_structure,,,,,
,F_19_00_e_REF_FINREP_3_0_cube_structure,F_19_00_e_REF_FINREP_3_0_cube_structure,,,,,
,F_20_01_REF_FINREP_3_0_cube_structure,F_20_01_REF_FINREP_3_0_cube_structure,,,,,
,F_20_02_REF_FINREP_3_0_cube_structure,F_20_02_REF_FINREP_3_0_cube_structure,,,,,
,F_20_04_REF_FINREP_3_0_cube_structure,F_20_04_REF_FINREP_3_0_cube_structure,,,,,
,F_20_05_a_REF_FINREP_3_0_cube_structure,F_20_05_a_REF_FINREP_3_0_cube_structure,,,,,
,F_20_05_b_REF_FINREP_3_0_cube_structure,F_20_05_b_REF_FINREP_3_0_cube_structure,,,,,
,F_20_06_REF_FINREP_3_0_cube_structure,F_20_06_REF_FINREP_3_0_cube_structure,,,,,
,F_20_07_1_REF_FINREP_3_0_cube_structure,F_20_07_1_REF_FINREP_3_0_cube_structure,,,,,
,F_21_00_REF_FINREP_3_0_cube_structure,F_21_00_REF_FINREP_3_0_cube_structure,,,,,
,F_25_02_a_REF_FINREP_3_0_cube_structure,F_25_02_a_REF_FINREP_3_0_cube_structure,,,,,
,F_25_02_b_REF_FINREP_3_0_cube_structure,F_25_02_b_REF_FINREP_3_0_cube_structure,,,,,
,F_25_02_c_REF_FINREP_3_0_cube_structure,F_25_02_c_REF_FINREP_3_0_cube_structure,,,,,
,F_31_01_REF_FINREP_3_0_cube_structure,F_31_01_REF_FINREP_3_0_cube_structure,,,,,
,F_40_01_REF_FINREP_3_0_cube_structure,F_40_01_REF_FINREP_3_0_cube_structure,,,,,
,F_40_02_REF_FINREP_3_0_cube_structure,F_40_02_REF_FINREP_3_0_cube_structure,,,,,
,F_41_01_REF_FINREP_3_0_cube_structure,F_41_01_REF_FINREP_3_0_cube_structure,,,,,
,F_41_02_REF_FINREP_3_0_cube_structure,F_41_02_REF_FINREP_3_0_cube_structure,,,,,
,F_42_00_REF_FINREP_3_0_cube_structure,F_42_00_REF_FINREP_3_0_cube_structure,,,,,
,Function,Function,,,,,
,FunctionColumnReference,FunctionColumnReference,,,,,
,FunctionText,FunctionText,,,,,
,GLD_CLLTRL_LG_GLD_CLLTRL_ASSGNMNT,GLD_CLLTRL_LG_GLD_CLLTRL_ASSGNMNT,,,,,
,GRP,GRP,,,,,
,GRP_KY_MNGMNT_PRSNLL_ASSGNMNT,GRP_KY_MNGMNT_PRSNLL_ASSGNMNT,,,,,
,Group,Group,,,,,
,IMMDT_PRNT_ENTRPRS_ASSGNMNT,IMMDT_PRNT_ENTRPRS_ASSGNMNT,,,,,
,INSTRMNT,INSTRMNT,,,,,
,INSTRMNT_CLLTRL_ASSGNMNT,INSTRMNT_CLLTRL_ASSGNMNT,,,,,
,INSTRMNT_CLLTRL_RCVD_INSTRMNT_ASSGNMNT,INSTRMNT_CLLTRL_RCVD_INSTRMNT_ASSGNMNT,,,,,
,INSTRMNT_ENTTY_RL_ASSGNMNT,INSTRMNT_ENTTY_RL_ASSGNMNT,,,,,
,INSTRMNT_HDGD_EXCHNG_TRDBL_DRVTV,INSTRMNT_HDGD_EXCHNG_TRDBL_DRVTV,,,,,
,INSTRMNT_HDGD_OTC_DRVTV,INSTRMNT_HDGD_OTC_DRVTV,,,,,
,INSTRMNT_PRTCTN_ARRNGMNT_ASSGNMNT,INSTRMNT_PRTCTN_ARRNGMNT_ASSGNMNT,,,,,
,INSTRMNT_RL,INSTRMNT_RL,,,,,
,INTRNL_GRP_RL,INTRNL_GRP_RL,,,,,
,INTRST_RT_RSK_HDG_PRTFL,INTRST_RT_RSK_HDG_PRTFL,,,,,
,KB_PR_BCKT,KB_PR_BCKT,,,,,
,LNG_DBT_SCRTY_PSTN_ENCMBRNC_DRVD_DT,LNG_DBT_SCRTY_PSTN_ENCMBRNC_DRVD_DT,,,,,
,LNG_EQTY_FND_SCRYT_PSTN_ENCMBRNC_DT,LNG_EQTY_FND_SCRYT_PSTN_ENCMBRNC_DT,,,,,
,LNG_NN_NGTBL_SCRTY_PSTN_CLLTRL_ASSGNMNT,LNG_NN_NGTBL_SCRTY_PSTN_CLLTRL_ASSGNMNT,,,,,
,LNG_SCRTY_PSTN_HDG,LNG_SCRTY_PSTN_HDG,,,,,
,LNG_SCRTY_PSTN_PRDNTL_PRTFL_ASSGNMNT,LNG_SCRTY_PSTN_PRDNTL_PRTFL_ASSGNMNT,,,,,
,LNG_SCRTY_PSTN_PRDNTL_PRTFL_ASSGNMNT_ACCNTNG_CLSSFCTN_FNNCL_ASSTS_ASSGNMNT,LNG_SCRTY_PSTN_PRDNTL_PRTFL_ASSGNMNT_ACCNTNG_CLSSFCTN_FNNCL_ASSTS_ASSGNMNT,,,,,
,LNG_SCRTY_PSTN_PRDNTL_PRTFL_ASSGNMNT_RSK_DT,LNG_SCRTY_PSTN_PRDNTL_PRTFL_ASSGNMNT_RSK_DT,,,,,
,LNG_SCRTY_PSTN_PRTCTN_ARRNGMNT_GVN_ASSGNMNT,LNG_SCRTY_PSTN_PRTCTN_ARRNGMNT_GVN_ASSGNMNT,,,,,
,LNKD_ENTRPRS_ASSGNMNT,LNKD_ENTRPRS_ASSGNMNT,,,,,
,LN_EXCLDNG_RPRCHS_AGRMNT_AND_ADVNC_HDG,LN_EXCLDNG_RPRCHS_AGRMNT_AND_ADVNC_HDG,,,,,
,LogEntry,LogEntry,,,,,
,MAINTENANCE_AGENCY,MAINTENANCE_AGENCY,,,,,
,MAPPING_DEFINITION,MAPPING_DEFINITION,,,,,
,MAPPING_TO_CUBE,MAPPING_TO_CUBE,,,,,
,MEMBER,MEMBER,,,,,
,MEMBER_HIERARCHY,MEMBER_HIERARCHY,,,,,
,MEMBER_HIERARCHY_NODE,MEMBER_HIERARCHY_NODE,,,,,
,MEMBER_LINK,MEMBER_LINK,,,,,
,MEMBER_MAPPING,MEMBER_MAPPING,,,,,
,MEMBER_MAPPING_ITEM,MEMBER_MAPPING_ITEM,,,,,
,MSTR_AGRMNT,MSTR_AGRMNT,,,,,
,MSTR_AGRMNT_ENTTY_RL_ASSGNMNT,MSTR_AGRMNT_ENTTY_RL_ASSGNMNT,,,,,
,MSTR_AGRMNT_FNNCL_CNTRCT_ASSGNMNT,MSTR_AGRMNT_FNNCL_CNTRCT_ASSGNMNT,,,,,
,MetaDataTrail,MetaDataTrail,,,,,
,NN_FNNCL_ASST,NN_FNNCL_ASST,,,,,
,NN_FNNCL_LBLTY,NN_FNNCL_LBLTY,,,,,
,NTRL_PRSN_KY_MNGMNT_PRSNLL_ASSGNMNT,NTRL_PRSN_KY_MNGMNT_PRSNLL_ASSGNMNT,,,,,
,ORDINATE_ITEM,ORDINATE_ITEM,,,,,
,OTC_DRVTV_HDG,OTC_DRVTV_HDG,,,,,
,OTC_DRVTV_INSTRMNT_SNTHTC_SCRTSTN_ASSGNMNT,OTC_DRVTV_INSTRMNT_SNTHTC_SCRTSTN_ASSGNMNT,,,,,
,OTHR_PRTY_ID,OTHR_PRTY_ID,,,,,
,PRTCTN_ARRNGMNT,PRTCTN_ARRNGMNT,,,,,
,PRTCTN_ARRNGMNT_RL,PRTCTN_ARRNGMNT_RL,,,,,
,PRTCTN_PRTCTN_PRVD_ASSGNMNT,PRTCTN_PRTCTN_PRVD_ASSGNMNT,,,,,
,PRTNR_ENTRPRS_ASSGNMNT,PRTNR_ENTRPRS_ASSGNMNT,,,,,
,PRTY,PRTY,,,,,
,PRTY_CD,PRTY_CD,,,,,
,PRTY_PRVS_PRD_DT,PRTY_PRVS_PRD_DT,,,,,
,Permission,Permission,,,,,
,PopulatedDataBaseTable,PopulatedDataBaseTable,,,,,
,RPRCHS_AGRMNT_CMPNNT,RPRCHS_AGRMNT_CMPNNT,,,,,
,RSK_FAC_SA,RSK_FAC_SA,,,,,
,RTNG_AGNCY,RTNG_AGNCY,,,,,
,RTNG_AGNCY_EXCSS_MTHDLGY_CVRD_BND_PRGRMM_ASSGNMNT,RTNG_AGNCY_EXCSS_MTHDLGY_CVRD_BND_PRGRMM_ASSGNMNT,,,,,
,RTNG_GRD,RTNG_GRD,,,,,
,RTNG_GRD_CNTRL_BNK_PRVT_SCTR_CMPN_ASSGNMNT,RTNG_GRD_CNTRL_BNK_PRVT_SCTR_CMPN_ASSGNMNT,,,,,
,RTNG_GRD_CNTRY_ASSGNMNT,RTNG_GRD_CNTRY_ASSGNMNT,,,,,
,RTNG_GRD_ISS_BSD_RTNG_SSTM_DBT_SCRTY_ASSGNMNT,RTNG_GRD_ISS_BSD_RTNG_SSTM_DBT_SCRTY_ASSGNMNT,,,,,
,RTNG_SYSTM,RTNG_SYSTM,,,,,
,RTNG_SYSTM_APPLD_LGL_PRSN,RTNG_SYSTM_APPLD_LGL_PRSN,,,,,
,SBSDRY_JNT_VNTR_ASSCT_OTHR_ORGNSTN_ASSGNMNT,SBSDRY_JNT_VNTR_ASSCT_OTHR_ORGNSTN_ASSGNMNT,,,,,
,SCRTY_BRRWNG_CMPNNT_SCRTY_CLLTRL_ASSGNMNT,SCRTY_BRRWNG_CMPNNT_SCRTY_CLLTRL_ASSGNMNT,,,,,
,SCRTY_CLLTRL_LNDNG_CMPNNT_SCRTY_CLLTRL_ASSGNMNT,SCRTY_CLLTRL_LNDNG_CMPNNT_SCRTY_CLLTRL_ASSGNMNT,,,,,
,SCRTY_ENTTY_RL_ASSGNMNT,SCRTY_ENTTY_RL_ASSGNMNT,,,,,
,SCRTY_EXCHNG_TRDBL_DRVTV,SCRTY_EXCHNG_TRDBL_DRVTV,,,,,
,SCRTY_HDGD_EXCHNG_TRDBL_DRVTV,SCRTY_HDGD_EXCHNG_TRDBL_DRVTV,,,,,
,SCRTY_LNDNG_CMPNNT_SCRTY_ASSGNMNT,SCRTY_LNDNG_CMPNNT_SCRTY_ASSGNMNT,,,,,
,SCRTY_PSTN,SCRTY_PSTN,,,,,
,SCRTY_PSTN_HDGD_OTC_DRVTV,SCRTY_PSTN_HDGD_OTC_DRVTV,,,,,
,SCRTY_SCRTY_RPRCHS_AGRMNT_CMPNNT_ASSGNMNT,SCRTY_SCRTY_RPRCHS_AGRMNT_CMPNNT_ASSGNMNT,,,,,
,SCTRY_BRRWNG_LNDNG_TRNSCTN_INCLDNG_CSH_CLLTRL,SCTRY_BRRWNG_LNDNG_TRNSCTN_INCLDNG_CSH_CLLTRL,,,,,
,SGNFCNT_CRRNCY_DPRCTN_CNTNGNT_ENCMBRNC,SGNFCNT_CRRNCY_DPRCTN_CNTNGNT_ENCMBRNC,,,,,
,SHRT_SCRTY_PSTN_PRDNTL_PRTFL_ASSGNMNT,SHRT_SCRTY_PSTN_PRDNTL_PRTFL_ASSGNMNT,,,,,
,SNTHTC_SCRTSTN,SNTHTC_SCRTSTN,,,,,
,SUBDOMAIN,SUBDOMAIN,,,,,
,SUBDOMAIN_ENUMERATION,SUBDOMAIN_ENUMERATION,,,,,
,SYNDCTD_CNTRCT,SYNDCTD_CNTRCT,,,,,
,Session,Session,,,,,
,TABLE,TABLE,,,,,
,TABLE_CELL,TABLE_CELL,,,,,
,TRDTNL_SCRTSTN,TRDTNL_SCRTSTN,,,,,
,TRNCH_SYNTHTC_SCRTSTN_WTHT_SSPE_DPST,TRNCH_SYNTHTC_SCRTSTN_WTHT_SSPE_DPST,,,,,
,TRNCH_SYNTHTC_SCRTSTN_WTHT_SSPE_FNNCL_GRNT,TRNCH_SYNTHTC_SCRTSTN_WTHT_SSPE_FNNCL_GRNT,,,,,
,TRNCH_TRDTNL_SCRTSTN,TRNCH_TRDTNL_SCRTSTN,,,,,
,TRNSFRRD_ASST_LG_INSTRMNT_ASSGNMNT,TRNSFRRD_ASST_LG_INSTRMNT_ASSGNMNT,,,,,
,TableCreationFunction,TableCreationFunction,,,,,
,TableCreationFunctionColumn,TableCreationFunctionColumn,,,,,
,TableCreationSourceTable,TableCreationSourceTable,,,,,
,Trail,Trail,,,,,
,User,User,,,,,
,VARIABLE,VARIABLE,,,,,
,VARIABLE_MAPPING,VARIABLE_MAPPING,,,,,
,VARIABLE_MAPPING_ITEM,VARIABLE_MAPPING_ITEM,,,,,
,VARIABLE_SET,VARIABLE_SET,,,,,
,VARIABLE_SET_ENUMERATION,VARIABLE_SET_ENUMERATION,,,,,
,WorkflowSession,WorkflowSession,,,,,
,WorkflowTaskDependency,WorkflowTaskDependency,,,,,
,WorkflowTaskExecution,WorkflowTaskExecution,,,,,