ID,VARIABLE_MAPPING_ID,VARIABLE_ID,IS_SOURCE,VALID_FROM,VALID_TO
1,DPM_mi290,EBA_mi290,true,2019-05-01 00:00:00,9999-12-31 00:00:00
2,DPM_mi291,EBA_mi291,true,2019-05-01 00:00:00,9999-12-31 00:00:00
3,DPM_mi291,ASST_SPCFC_VL,false,2019-05-01 00:00:00,9999-12-31 00:00:00
4,DPM_bi327,EBA_bi327,true,2019-05-01 00:00:00,9999-12-31 00:00:00
5,DPM_ei328,EBA_ei328,true,2019-05-01 00:00:00,9999-12-31 00:00:00
6,DPM_ei328,PRMRY_ASST_CLSS_CVR_PL,false,2019-05-01 00:00:00,9999-12-31 00:00:00
7,DPM_si294,EBA_si294,true,2019-05-01 00:00:00,9999-12-31 00:00:00
8,DPM_si293,EBA_si293,true,2019-05-01 00:00:00,9999-12-31 00:00:00
9,DPM_mi295,EBA_mi295,true,2019-05-01 00:00:00,9999-12-31 00:00:00
10,DPM_mi297,EBA_mi297,true,2019-05-01 00:00:00,9999-12-31 00:00:00
11,DPM_mi292,EBA_mi292,true,2019-05-01 00:00:00,9999-12-31 00:00:00
12,DPM_mi292,EXCSS_CVRG_ASST_SPCFC_VL,false,2019-05-01 00:00:00,9999-12-31 00:00:00
13,DPM_CBC,EBA_CBC,true,2019-05-01 00:00:00,9999-12-31 00:00:00
14,DPM_CBC,CVRD_BND_PRGRM_ID,false,2019-05-01 00:00:00,9999-12-31 00:00:00
15,DPM_BAS_MCY,EBA_BAS,true,1999-01-01 00:00:00,9999-12-31 00:00:00
16,DPM_BAS_MCY,EBA_MCY,true,1999-01-01 00:00:00,9999-12-31 00:00:00
17,DPM_BAS_MCY,TYP_ACCNTNG_ITM,false,1999-01-01 00:00:00,9999-12-31 00:00:00
18,DPM_BAS_MCY,TYP_INSTRMNT,false,1999-01-01 00:00:00,9999-12-31 00:00:00
19,DPM_BAS_MCY,NGTBL_SCRTY_INDCTR,false,1999-01-01 00:00:00,9999-12-31 00:00:00
20,DPM_MCV_F_16.08,EBA_MCV,true,1999-01-01 00:00:00,9999-12-31 00:00:00
21,DPM_BAS_ALO_IMS_APL,EBA_BAS,true,1999-01-01 00:00:00,9999-12-31 00:00:00
22,DPM_BAS_ALO_IMS_APL,EBA_APL,true,1999-01-01 00:00:00,9999-12-31 00:00:00
23,DPM_BAS_ALO_IMS_APL,EBA_IMS,true,1999-01-01 00:00:00,9999-12-31 00:00:00
24,DPM_BAS_ALO_IMS_APL,EBA_ALO,true,1999-01-01 00:00:00,9999-12-31 00:00:00
25,DPM_BAS_ALO_IMS_APL,ACCNTNG_CLSSFCTN,false,1999-01-01 00:00:00,9999-12-31 00:00:00
26,DPM_BAS_ALO_IMS_APL,TYP_ACCNTNG_ITM,false,1999-01-01 00:00:00,9999-12-31 00:00:00
27,DPM_BAS_ALO_IMS_APL,IMPRMNT_STTS,false,1999-01-01 00:00:00,9999-12-31 00:00:00
28,DPM_BAS_ALO_IMS_APL,HLD_SL_INDCTR,false,1999-01-01 00:00:00,9999-12-31 00:00:00
29,DPM_BAS_ALO_IMS_APL,SBJCT_IMPRMNT_INDCTR,false,1999-01-01 00:00:00,9999-12-31 00:00:00
30,DPM_CPS_CPZ_MCY_TMA,EBA_MCY,true,1999-01-01 00:00:00,9999-12-31 00:00:00
31,DPM_CPS_CPZ_MCY_TMA,EBA_CPS,true,1999-01-01 00:00:00,9999-12-31 00:00:00
32,DPM_CPS_CPZ_MCY_TMA,EBA_CPZ,true,1999-01-01 00:00:00,9999-12-31 00:00:00
33,DPM_CPS_CPZ_MCY_TMA,EBA_TMA,true,1999-01-01 00:00:00,9999-12-31 00:00:00
34,DPM_CPS_CPZ_MCY_TMA,ENTRPRS_SZ,false,1999-01-01 00:00:00,9999-12-31 00:00:00
35,DPM_CPS_CPZ_MCY_TMA,INSTTTNL_SCTR,false,1999-01-01 00:00:00,9999-12-31 00:00:00
36,DPM_CPS_CPZ_MCY_TMA,MLTLTRL_DVLPMNT_BNK_INDCTR,false,1999-01-01 00:00:00,9999-12-31 00:00:00
37,DPM_CPS_CPZ_MCY_TMA,PRTY_RL_TYP,false,1999-01-01 00:00:00,9999-12-31 00:00:00
38,DPM_CPS_CPZ_MCY_TMA,MN_DBTR_INDCTR,false,1999-01-01 00:00:00,9999-12-31 00:00:00
39,DPM_CPS_CPZ_MCY_TMA,TYP_INSTRMNT,false,1999-01-01 00:00:00,9999-12-31 00:00:00
40,DPM_CPS_CPZ_MCY_TMA,NGTBL_SCRTY_INDCTR,false,1999-01-01 00:00:00,9999-12-31 00:00:00
41,DPM_LAC,EBA_LAC,true,1999-01-01 00:00:00,9999-12-31 00:00:00
42,DPM_MCE_APL,EBA_MCE,true,1999-01-01 00:00:00,9999-12-31 00:00:00
43,DPM_MCE_APL,EBA_APL,true,1999-01-01 00:00:00,9999-12-31 00:00:00
44,DPM_MCE_APL,ACCNTNG_CLSSFCTN,false,1999-01-01 00:00:00,9999-12-31 00:00:00
45,DPM_MCE_APL,HLD_SL_INDCTR,false,1999-01-01 00:00:00,9999-12-31 00:00:00
46,DPM_MCE_APL,NGTBL_SCRTY_INDCTR,false,1999-01-01 00:00:00,9999-12-31 00:00:00
47,DPM_MCE_APL,RPYMNT_RGHTS,false,1999-01-01 00:00:00,9999-12-31 00:00:00
48,DPM_MCE_APL,MSRMNT_MTHD,false,1999-01-01 00:00:00,9999-12-31 00:00:00
49,DPM_MCE_APL,SBJCT_IMPRMNT_INDCTR,false,1999-01-01 00:00:00,9999-12-31 00:00:00
50,DPM_CTL_MCG,EBA_CTL,true,1999-01-01 00:00:00,9999-12-31 00:00:00
51,DPM_CTL_MCG,EBA_MCG,true,1999-01-01 00:00:00,9999-12-31 00:00:00
52,DPM_FLT_FLW,EBA_FLW,true,1999-01-01 00:00:00,9999-12-31 00:00:00
53,DPM_FLT_FLW,EBA_FLT,true,1999-01-01 00:00:00,9999-12-31 00:00:00
54,DPM_NPE,EBA_NPE,true,1999-01-01 00:00:00,9999-12-31 00:00:00
55,DPM_NPE,PRFRMNG_STTS_RSN,false,1999-01-01 00:00:00,9999-12-31 00:00:00
56,DPM_PIR,EBA_PIR,true,1999-01-01 00:00:00,9999-12-31 00:00:00
57,DPM_POV,EBA_POV,true,1999-01-01 00:00:00,9999-12-31 00:00:00
58,DPM_TIE,EBA_TIE,true,1999-01-01 00:00:00,9999-12-31 00:00:00
59,DPM_TIE,TM_SNC_INTL_RCGNTN,false,1999-01-01 00:00:00,9999-12-31 00:00:00
60,DPM_TYA_F_24.01,EBA_TYA,true,1999-01-01 00:00:00,9999-12-31 00:00:00
61,DPM_CNO,EBA_CNO,true,1999-01-01 00:00:00,9999-12-31 00:00:00
62,DPM_CPS_MCP,EBA_CPS,true,1999-01-01 00:00:00,9999-12-31 00:00:00
63,DPM_CPS_MCP,INSTTTNL_SCTR,false,1999-01-01 00:00:00,9999-12-31 00:00:00
64,DPM_CPS_MCP,MLTLTRL_DVLPMNT_BNK_INDCTR,false,1999-01-01 00:00:00,9999-12-31 00:00:00
65,DPM_CPS_MCP,PRTY_RL_TYP,false,1999-01-01 00:00:00,9999-12-31 00:00:00
66,DPM_CPS_MCP,MN_DBTR_INDCTR,false,1999-01-01 00:00:00,9999-12-31 00:00:00
67,DPM_LEC_2,EBA_LEC,true,1999-01-01 00:00:00,9999-12-31 00:00:00
68,DPM_STC,EBA_STC,true,1999-01-01 00:00:00,9999-12-31 00:00:00
69,DPM_STC,SCRTY_ID,false,1999-01-01 00:00:00,9999-12-31 00:00:00
70,DPM_CPS_MCP,EBA_MCP,true,1999-01-01 00:00:00,9999-12-31 00:00:00
71,DPM_TRI_F_02.00,EBA_TRI,true,1999-01-01 00:00:00,9999-12-31 00:00:00
72,DPM_TRI_F_02.00,TYP_RSK,false,1999-01-01 00:00:00,9999-12-31 00:00:00
73,DPM_IMS_F_06.01,EBA_IMS,true,1999-01-01 00:00:00,9999-12-31 00:00:00
74,DPM_IMS_F_06.01,DFLT_STTS,false,1999-01-01 00:00:00,9999-12-31 00:00:00
75,DPM_MCY,EBA_MCY,true,1999-01-01 00:00:00,9999-12-31 00:00:00
76,DPM_MCY,TYP_INSTRMNT,false,1999-01-01 00:00:00,9999-12-31 00:00:00
77,DPM_MCY,NGTBL_SCRTY_INDCTR,false,1999-01-01 00:00:00,9999-12-31 00:00:00
78,DPM_NAC,EBA_NAC,true,1999-01-01 00:00:00,9999-12-31 00:00:00
79,DPM_NAC,ECNMC_ACTVTY,false,1999-01-01 00:00:00,9999-12-31 00:00:00
80,DPM_APL,EBA_APL,true,1999-01-01 00:00:00,9999-12-31 00:00:00
81,DPM_APL,ACCNTNG_CLSSFCTN,false,1999-01-01 00:00:00,9999-12-31 00:00:00
82,DPM_APL,HLD_SL_INDCTR,false,1999-01-01 00:00:00,9999-12-31 00:00:00
83,DPM_APL,SBJCT_IMPRMNT_INDCTR,false,1999-01-01 00:00:00,9999-12-31 00:00:00
84,DPM_BAS_MCY_PFS,EBA_BAS,true,1999-01-01 00:00:00,9999-12-31 00:00:00
85,DPM_BAS_MCY_PFS,EBA_MCY,true,1999-01-01 00:00:00,9999-12-31 00:00:00
86,DPM_BAS_MCY_PFS,EBA_PFS,true,1999-01-01 00:00:00,9999-12-31 00:00:00
87,DPM_BAS_MCY_PFS,TYP_ACCNTNG_ITM,false,1999-01-01 00:00:00,9999-12-31 00:00:00
88,DPM_BAS_MCY_PFS,TYP_INSTRMNT,false,1999-01-01 00:00:00,9999-12-31 00:00:00
89,DPM_BAS_MCY_PFS,NGTBL_SCRTY_INDCTR,false,1999-01-01 00:00:00,9999-12-31 00:00:00
90,DPM_BAS_MCY_PFS,PRFRMNG_STTS,false,1999-01-01 00:00:00,9999-12-31 00:00:00
91,DPM_RPR,EBA_RPR,true,1999-01-01 00:00:00,9999-12-31 00:00:00
92,DPM_TYR,EBA_TYR,true,1999-01-01 00:00:00,9999-12-31 00:00:00
93,DPM_BAS_MCE_MCY_TYA_2.9,EBA_MCY,true,1999-01-01 00:00:00,9999-12-31 00:00:00
94,DPM_BAS_MCE_MCY_TYA_2.9,EBA_BAS,true,1999-01-01 00:00:00,9999-12-31 00:00:00
95,DPM_BAS_MCE_MCY_TYA_2.9,EBA_MCE,true,1999-01-01 00:00:00,9999-12-31 00:00:00
96,DPM_BAS_MCE_MCY_TYA_2.9,EBA_TYA,true,1999-01-01 00:00:00,9999-12-31 00:00:00
97,DPM_BAS_MCE_MCY_TYA_2.9,TYP_ACCNTNG_ITM,false,1999-01-01 00:00:00,9999-12-31 00:00:00
98,DPM_BAS_MCE_MCY_TYA_2.9,NGTBL_SCRTY_INDCTR,false,1999-01-01 00:00:00,9999-12-31 00:00:00
99,DPM_BAS_MCV_MCY_TRE,EBA_BAS,true,1999-01-01 00:00:00,9999-12-31 00:00:00
100,DPM_BAS_MCV_MCY_TRE,EBA_MCY,true,1999-01-01 00:00:00,9999-12-31 00:00:00
101,DPM_BAS_MCV_MCY_TRE,EBA_MCV,true,1999-01-01 00:00:00,9999-12-31 00:00:00
102,DPM_BAS_MCV_MCY_TRE,EBA_TRE,true,1999-01-01 00:00:00,9999-12-31 00:00:00
103,DPM_BAS_MCV_MCY_TRE,TYP_ACCNTNG_ITM,false,1999-01-01 00:00:00,9999-12-31 00:00:00
104,DPM_TSA,EBA_TSA,true,1999-01-01 00:00:00,9999-12-31 00:00:00
105,DPM_SUB,EBA_SUB,true,1999-01-01 00:00:00,9999-12-31 00:00:00
106,DPM_SUB,SBRDNTD_DBT,false,1999-01-01 00:00:00,9999-12-31 00:00:00
107,DPM_BAS_CPS_MCB_MCY_APL,EBA_BAS,true,1999-01-01 00:00:00,9999-12-31 00:00:00
108,DPM_BAS_CPS_MCB_MCY_APL,EBA_MCY,true,1999-01-01 00:00:00,9999-12-31 00:00:00
109,DPM_BAS_CPS_MCB_MCY_APL,EBA_CPS,true,1999-01-01 00:00:00,9999-12-31 00:00:00
110,DPM_BAS_CPS_MCB_MCY_APL,EBA_APL,true,1999-01-01 00:00:00,9999-12-31 00:00:00
111,DPM_BAS_CPS_MCB_MCY_APL,EBA_MCB,true,1999-01-01 00:00:00,9999-12-31 00:00:00
112,DPM_BAS_CPS_MCB_MCY_APL,ACCNTNG_CLSSFCTN,false,1999-01-01 00:00:00,9999-12-31 00:00:00
113,DPM_BAS_CPS_MCB_MCY_APL,TYP_INSTRMNT,false,1999-01-01 00:00:00,9999-12-31 00:00:00
114,DPM_BAS_CPS_MCB_MCY_APL,NGTBL_SCRTY_INDCTR,false,1999-01-01 00:00:00,9999-12-31 00:00:00
115,DPM_BAS_CPS_MCB_MCY_APL,HLD_SL_INDCTR,false,1999-01-01 00:00:00,9999-12-31 00:00:00
116,DPM_BAS_CPS_MCB_MCY_APL,RPYMNT_RGHTS,false,1999-01-01 00:00:00,9999-12-31 00:00:00
117,DPM_BAS_CPS_MCB_MCY_APL,TYP_ACCNTNG_ITM,false,1999-01-01 00:00:00,9999-12-31 00:00:00
118,DPM_BAS_CPS_MCB_MCY_APL,INSTTTNL_SCTR,false,1999-01-01 00:00:00,9999-12-31 00:00:00
119,DPM_BAS_CPS_MCB_MCY_APL,PRTY_RL_TYP,false,1999-01-01 00:00:00,9999-12-31 00:00:00
120,DPM_BAS_CPS_MCB_MCY_APL,MN_DBTR_INDCTR,false,1999-01-01 00:00:00,9999-12-31 00:00:00
121,DPM_BAS_CPS_MCB_MCY_APL,SBJCT_IMPRMNT_INDCTR,false,1999-01-01 00:00:00,9999-12-31 00:00:00
122,DPM_MCF,EBA_MCF,true,1999-01-01 00:00:00,9999-12-31 00:00:00
123,DPM_TYH_F_20.01,EBA_TYH,true,1999-01-01 00:00:00,9999-12-31 00:00:00
124,DPM_TYH_F_20.01,TYP_HDG,false,1999-01-01 00:00:00,9999-12-31 00:00:00
125,DPM_BAS_MCF_MCH_MCY,EBA_BAS,true,1999-01-01 00:00:00,9999-12-31 00:00:00
126,DPM_BAS_MCB_MCY,EBA_BAS,true,1999-01-01 00:00:00,9999-12-31 00:00:00
127,DPM_BAS_MCB_MCY,EBA_MCB,true,1999-01-01 00:00:00,9999-12-31 00:00:00
128,DPM_BAS_MCB_MCY,EBA_MCY,true,1999-01-01 00:00:00,9999-12-31 00:00:00
129,DPM_BAS_MCB_MCY,TYP_ACCNTNG_ITM,false,1999-01-01 00:00:00,9999-12-31 00:00:00
130,DPM_CNO_F_46.00,EBA_CNO,true,1999-01-01 00:00:00,9999-12-31 00:00:00
131,DPM_PFS_F_31.02,EBA_PFS,true,1999-01-01 00:00:00,9999-12-31 00:00:00
132,DPM_PFS_F_31.02,PRFRMNG_STTS,false,1999-01-01 00:00:00,9999-12-31 00:00:00
133,DPM_BAS_CNO_MCB_MCF_MCY_REC,EBA_BAS,true,1999-01-01 00:00:00,9999-12-31 00:00:00
134,DPM_BAS_CNO_MCB_MCF_MCY_REC,EBA_MCB,true,1999-01-01 00:00:00,9999-12-31 00:00:00
135,DPM_BAS_CNO_MCB_MCF_MCY_REC,EBA_MCY,true,1999-01-01 00:00:00,9999-12-31 00:00:00
136,DPM_BAS_CNO_MCB_MCF_MCY_REC,EBA_CNO,true,1999-01-01 00:00:00,9999-12-31 00:00:00
137,DPM_BAS_CNO_MCB_MCF_MCY_REC,EBA_REC,true,1999-01-01 00:00:00,9999-12-31 00:00:00
138,DPM_BAS_CNO_MCB_MCF_MCY_REC,EBA_MCF,true,1999-01-01 00:00:00,9999-12-31 00:00:00
139,DPM_BAS_CNO_MCB_MCF_MCY_REC,HLD_SL_INDCTR,false,1999-01-01 00:00:00,9999-12-31 00:00:00
140,DPM_BAS_CNO_MCB_MCF_MCY_REC,TYP_ACCNTNG_ITM,false,1999-01-01 00:00:00,9999-12-31 00:00:00
141,DPM_BAS_MCE_MCY_TYA,EBA_MCY,true,1999-01-01 00:00:00,9999-12-31 00:00:00
142,DPM_BAS_MCE_MCY_TYA,EBA_BAS,true,1999-01-01 00:00:00,9999-12-31 00:00:00
143,DPM_BAS_MCE_MCY_TYA,EBA_MCE,true,1999-01-01 00:00:00,9999-12-31 00:00:00
144,DPM_mi109,EBA_mi109,true,1999-01-01 00:00:00,9999-12-31 00:00:00
145,DPM_mi110,EBA_mi110,true,1999-01-01 00:00:00,9999-12-31 00:00:00
146,DPM_mi134,EBA_mi134,true,1999-01-01 00:00:00,9999-12-31 00:00:00
147,DPM_mi135,EBA_mi135,true,1999-01-01 00:00:00,9999-12-31 00:00:00
148,DPM_mi135,ACCMLTD_CHNGS_FV,false,1999-01-01 00:00:00,9999-12-31 00:00:00
149,DPM_mi136,EBA_mi136,true,1999-01-01 00:00:00,9999-12-31 00:00:00
150,DPM_mi136,GRSS_CRRYNG_AMNT,false,1999-01-01 00:00:00,9999-12-31 00:00:00
151,DPM_mi164,EBA_mi164,true,1999-01-01 00:00:00,9999-12-31 00:00:00
152,DPM_mi170,EBA_mi170,true,1999-01-01 00:00:00,9999-12-31 00:00:00
153,DPM_mi170,NTNL_AMNT,false,1999-01-01 00:00:00,9999-12-31 00:00:00
154,DPM_mi172,EBA_mi172,true,1999-01-01 00:00:00,9999-12-31 00:00:00
155,DPM_mi191,PRSNT_VL,false,1999-01-01 00:00:00,9999-12-31 00:00:00
156,DPM_mi195,EBA_mi195,true,1999-01-01 00:00:00,9999-12-31 00:00:00
157,DPM_mi339,EBA_mi339,true,1999-01-01 00:00:00,9999-12-31 00:00:00
158,DPM_mi340,EBA_mi340,true,1999-01-01 00:00:00,9999-12-31 00:00:00
159,DPM_mi35,EBA_mi35,true,1999-01-01 00:00:00,9999-12-31 00:00:00
160,DPM_mi37,EBA_mi37,true,1999-01-01 00:00:00,9999-12-31 00:00:00
161,DPM_CPS_MCB_MCY,RPYMNT_RGHTS,false,1999-01-01 00:00:00,9999-12-31 00:00:00
162,DPM_CPS_MCB_MCY,PRJCT_FNNC_LN,false,1999-01-01 00:00:00,9999-12-31 00:00:00
163,DPM_BAS_MCF_MCH_MCY,EBA_MCY,true,1999-01-01 00:00:00,9999-12-31 00:00:00
164,DPM_BAS_MCF_MCH_MCY,EBA_MCH,true,1999-01-01 00:00:00,9999-12-31 00:00:00
165,DPM_BAS_MCF_MCH_MCY,EBA_MCF,true,1999-01-01 00:00:00,9999-12-31 00:00:00
166,DPM_BAS_MCF_MCH_MCY,TYP_ACCNTNG_ITM,false,1999-01-01 00:00:00,9999-12-31 00:00:00
167,DPM_MCA,EBA_MCA,true,1999-01-01 00:00:00,9999-12-31 00:00:00
168,DPM_MCE,EBA_MCE,true,1999-01-01 00:00:00,9999-12-31 00:00:00
169,DPM_MCE,NGTBL_SCRTY_INDCTR,false,1999-01-01 00:00:00,9999-12-31 00:00:00
170,DPM_REC,EBA_REC,true,1999-01-01 00:00:00,9999-12-31 00:00:00
171,DPM_LTG,EBA_LTG,true,1999-01-01 00:00:00,9999-12-31 00:00:00
172,DPM_LTG,LTGTN_STTS,false,1999-01-01 00:00:00,9999-12-31 00:00:00
173,DPM_BAS_MCB_MCY_APL_F_42.00,EBA_BAS,true,1999-01-01 00:00:00,9999-12-31 00:00:00
174,DPM_BAS_MCB_MCY_APL_F_42.00,EBA_MCY,true,1999-01-01 00:00:00,9999-12-31 00:00:00
175,DPM_BAS_MCB_MCY_APL_F_42.00,EBA_APL,true,1999-01-01 00:00:00,9999-12-31 00:00:00
176,DPM_BAS_MCB_MCY_APL_F_42.00,EBA_MCB,true,1999-01-01 00:00:00,9999-12-31 00:00:00
177,DPM_BAS_MCB_MCY_APL_F_42.00,HLD_SL_INDCTR,false,1999-01-01 00:00:00,9999-12-31 00:00:00
178,DPM_BAS_MCB_MCY_APL_F_42.00,TYP_ACCNTNG_ITM,false,1999-01-01 00:00:00,9999-12-31 00:00:00
179,DPM_BAS_MCB_MCY_APL_F_42.00,MSRMNT_MTHD,false,1999-01-01 00:00:00,9999-12-31 00:00:00
180,DPM_BAS_MCB_MCY_APL_F_42.00,TYP_INSTRMNT,false,1999-01-01 00:00:00,9999-12-31 00:00:00
181,DPM_CPS_MCB_MCY,EBA_MCY,true,1999-01-01 00:00:00,9999-12-31 00:00:00
182,DPM_CPS_MCB_MCY,EBA_CPS,true,1999-01-01 00:00:00,9999-12-31 00:00:00
183,DPM_CPS_MCB_MCY,EBA_MCB,true,1999-01-01 00:00:00,9999-12-31 00:00:00
184,DPM_CPS_MCB_MCY,INSTTTNL_SCTR,false,1999-01-01 00:00:00,9999-12-31 00:00:00
185,DPM_CPS_MCB_MCY,MLTLTRL_DVLPMNT_BNK_INDCTR,false,1999-01-01 00:00:00,9999-12-31 00:00:00
186,DPM_CPS_MCB_MCY,PRTY_RL_TYP,false,1999-01-01 00:00:00,9999-12-31 00:00:00
187,DPM_CPS_MCB_MCY,MN_DBTR_INDCTR,false,1999-01-01 00:00:00,9999-12-31 00:00:00
188,DPM_CPS_MCB_MCY,TYP_INSTRMNT,false,1999-01-01 00:00:00,9999-12-31 00:00:00
189,DPM_CPS_MCB_MCY,NGTBL_SCRTY_INDCTR,false,1999-01-01 00:00:00,9999-12-31 00:00:00
190,DPM_IMS,EBA_IMS,true,1999-01-01 00:00:00,9999-12-31 00:00:00
191,DPM_BAS_MCE_MCY_TYA,EBA_TYA,true,1999-01-01 00:00:00,9999-12-31 00:00:00
192,DPM_BAS_MCE_MCY_TYA,TYP_ACCNTNG_ITM,false,1999-01-01 00:00:00,9999-12-31 00:00:00
193,DPM_MCE_TYH,EBA_MCE,true,1999-01-01 00:00:00,9999-12-31 00:00:00
194,DPM_MCE_TYH,EBA_TYH,true,1999-01-01 00:00:00,9999-12-31 00:00:00
195,DPM_MCE_TYH,TYP_HDG,false,1999-01-01 00:00:00,9999-12-31 00:00:00
196,DPM_MCE_TYH,NGTBL_SCRTY_INDCTR,false,1999-01-01 00:00:00,9999-12-31 00:00:00
197,DPM_TYA,EBA_TYA,true,1999-01-01 00:00:00,9999-12-31 00:00:00
198,DPM_FVH,EBA_FVH,true,1999-01-01 00:00:00,9999-12-31 00:00:00
199,DPM_FVH,FV_HRRCHY,false,1999-01-01 00:00:00,9999-12-31 00:00:00
200,DPM_ALO_F_12.00,EBA_ALO,true,1999-01-01 00:00:00,9999-12-31 00:00:00
201,DPM_ALO_F_12.00,IMPRMNT_STTS,false,1999-01-01 00:00:00,9999-12-31 00:00:00
202,DPM_DPS,EBA_DPS,true,1999-01-01 00:00:00,9999-12-31 00:00:00
203,DPM_CPS_MCB_MCY_TMA_TRI,EBA_MCY,true,1999-01-01 00:00:00,9999-12-31 00:00:00
204,DPM_CPS_MCB_MCY_TMA_TRI,EBA_CPS,true,1999-01-01 00:00:00,9999-12-31 00:00:00
205,DPM_CPS_MCB_MCY_TMA_TRI,EBA_TRI,true,1999-01-01 00:00:00,9999-12-31 00:00:00
206,DPM_CPS_MCB_MCY_TMA_TRI,EBA_TMA,true,1999-01-01 00:00:00,9999-12-31 00:00:00
207,DPM_CPS_MCB_MCY_TMA_TRI,EBA_MCB,true,1999-01-01 00:00:00,9999-12-31 00:00:00
208,DPM_CPS_MCB_MCY_TMA_TRI,TYP_RSK,false,1999-01-01 00:00:00,9999-12-31 00:00:00
209,DPM_CPS_MCB_MCY_TMA_TRI,TYP_INSTRMNT,false,1999-01-01 00:00:00,9999-12-31 00:00:00
210,DPM_CPS_MCB_MCY_TMA_TRI,INSTTTNL_SCTR,false,1999-01-01 00:00:00,9999-12-31 00:00:00
211,DPM_CPS_MCB_MCY_TMA_TRI,MLTLTRL_DVLPMNT_BNK_INDCTR,false,1999-01-01 00:00:00,9999-12-31 00:00:00
212,DPM_CPS_MCB_MCY_TMA_TRI,PRTY_RL_TYP,false,1999-01-01 00:00:00,9999-12-31 00:00:00
213,DPM_CPS_MCB_MCY_TMA_TRI,MN_DBTR_INDCTR,false,1999-01-01 00:00:00,9999-12-31 00:00:00
214,DPM_PLD,EBA_PLD,true,1999-01-01 00:00:00,9999-12-31 00:00:00
215,DPM_PLD,FVO_DSGNTN,false,1999-01-01 00:00:00,9999-12-31 00:00:00
216,DPM_mi37,ACCMLTD_CHNGS_FV_CR,false,1999-01-01 00:00:00,9999-12-31 00:00:00
217,DPM_mi43,EBA_mi43,true,1999-01-01 00:00:00,9999-12-31 00:00:00
218,DPM_mi43,AMNT_DRCGNSD_CPTL_PRPS,false,1999-01-01 00:00:00,9999-12-31 00:00:00
219,DPM_mi45,EBA_mi45,true,1999-01-01 00:00:00,9999-12-31 00:00:00
220,DPM_mi500,EBA_mi500,true,1999-01-01 00:00:00,9999-12-31 00:00:00
221,DPM_mi501,EBA_mi501,true,1999-01-01 00:00:00,9999-12-31 00:00:00
222,DPM_mi502,EBA_mi502,true,1999-01-01 00:00:00,9999-12-31 00:00:00
223,DPM_mi503,EBA_mi503,true,1999-01-01 00:00:00,9999-12-31 00:00:00
224,DPM_mi504,EBA_mi504,true,1999-01-01 00:00:00,9999-12-31 00:00:00
225,DPM_mi505,EBA_mi505,true,1999-01-01 00:00:00,9999-12-31 00:00:00
226,DPM_mi505,ACCMLTD_NGTV_VL_ADJSTMNT_MR,false,1999-01-01 00:00:00,9999-12-31 00:00:00
227,DPM_mi506,EBA_mi506,true,1999-01-01 00:00:00,9999-12-31 00:00:00
228,DPM_mi506,ACCMLTD_NGTV_VL_ADJSTMNT_CR,false,1999-01-01 00:00:00,9999-12-31 00:00:00
229,DPM_mi507,EBA_mi507,true,1999-01-01 00:00:00,9999-12-31 00:00:00
230,DPM_mi507,ACCMLTD_PRTL_WRTFFS,false,1999-01-01 00:00:00,9999-12-31 00:00:00
231,DPM_mi508,EBA_mi508,true,1999-01-01 00:00:00,9999-12-31 00:00:00
232,DPM_mi508,ACCMLTD_TTL_WRTFFS,false,1999-01-01 00:00:00,9999-12-31 00:00:00
233,DPM_mi65,EBA_mi65,true,1999-01-01 00:00:00,9999-12-31 00:00:00
234,DPM_mi7,EBA_mi7,true,1999-01-01 00:00:00,9999-12-31 00:00:00
235,DPM_mi7,ACCMLTD_IMPRMNT,false,1999-01-01 00:00:00,9999-12-31 00:00:00
236,DPM_mi9,EBA_mi9,true,1999-01-01 00:00:00,9999-12-31 00:00:00
237,DPM_mi9,ACQSTN_CST,false,1999-01-01 00:00:00,9999-12-31 00:00:00
238,DPM_md104,EBA_md104,true,1999-01-01 00:00:00,9999-12-31 00:00:00
239,DPM_md105,EBA_md105,true,1999-01-01 00:00:00,9999-12-31 00:00:00
240,DPM_md108,EBA_md108,true,1999-01-01 00:00:00,9999-12-31 00:00:00
241,DPM_BAS_MCY_APL,SBJCT_IMPRMNT_INDCTR,false,1999-01-01 00:00:00,9999-12-31 00:00:00
242,DPM_CPS_MCB_MCE_TYH_IMS_APL_PUR,EBA_MCE,true,1999-01-01 00:00:00,9999-12-31 00:00:00
243,DPM_CPS_MCB_MCE_TYH_IMS_APL_PUR,EBA_CPS,true,1999-01-01 00:00:00,9999-12-31 00:00:00
244,DPM_CPS_MCB_MCE_TYH_IMS_APL_PUR,EBA_TYH,true,1999-01-01 00:00:00,9999-12-31 00:00:00
245,DPM_CPS_MCB_MCE_TYH_IMS_APL_PUR,EBA_PUR,true,1999-01-01 00:00:00,9999-12-31 00:00:00
246,DPM_CPS_MCB_MCE_TYH_IMS_APL_PUR,EBA_MCB,true,1999-01-01 00:00:00,9999-12-31 00:00:00
247,DPM_CPS_MCB_MCE_TYH_IMS_APL_PUR,EBA_IMS,true,1999-01-01 00:00:00,9999-12-31 00:00:00
248,DPM_CPS_MCB_MCE_TYH_IMS_APL_PUR,IMPRMNT_STTS,false,1999-01-01 00:00:00,9999-12-31 00:00:00
249,DPM_CPS_MCB_MCE_TYH_IMS_APL_PUR,TYP_HDG,false,1999-01-01 00:00:00,9999-12-31 00:00:00
250,DPM_CPS_MCB_MCE_TYH_IMS_APL_PUR,INSTTTNL_SCTR,false,1999-01-01 00:00:00,9999-12-31 00:00:00
251,DPM_CPS_MCB_MCE_TYH_IMS_APL_PUR,MLTLTRL_DVLPMNT_BNK_INDCTR,false,1999-01-01 00:00:00,9999-12-31 00:00:00
252,DPM_CPS_MCB_MCE_TYH_IMS_APL_PUR,PRTY_RL_TYP,false,1999-01-01 00:00:00,9999-12-31 00:00:00
253,DPM_IMS,IMPRMNT_STTS,false,1999-01-01 00:00:00,9999-12-31 00:00:00
254,DPM_TPD,EBA_TPD,true,1999-01-01 00:00:00,9999-12-31 00:00:00
255,DPM_BAS_MCY_APL,EBA_MCY,true,1999-01-01 00:00:00,9999-12-31 00:00:00
256,DPM_BAS_MCY_APL,EBA_APL,true,1999-01-01 00:00:00,9999-12-31 00:00:00
257,DPM_BAS_MCY_APL,EBA_BAS,true,1999-01-01 00:00:00,9999-12-31 00:00:00
258,DPM_BAS_MCY_APL,TYP_INSTRMNT,false,1999-01-01 00:00:00,9999-12-31 00:00:00
259,DPM_BAS_MCY_APL,NGTBL_SCRTY_INDCTR,false,1999-01-01 00:00:00,9999-12-31 00:00:00
260,DPM_BAS_MCY_APL,ACCNTNG_CLSSFCTN,false,1999-01-01 00:00:00,9999-12-31 00:00:00
261,DPM_BAS_MCY_APL,TYP_ACCNTNG_ITM,false,1999-01-01 00:00:00,9999-12-31 00:00:00
262,DPM_BAS_MCY_APL,HLD_SL_INDCTR,false,1999-01-01 00:00:00,9999-12-31 00:00:00
263,DPM_BAS_MCY_APL,MSRMNT_MTHD,false,1999-01-01 00:00:00,9999-12-31 00:00:00
264,DPM_CPS_MCB_MCE_TYH_IMS_APL_PUR,MN_DBTR_INDCTR,false,1999-01-01 00:00:00,9999-12-31 00:00:00
265,DPM_CPS_MCB_MCE_TYH_IMS_APL_PUR,ACCNTNG_CLSSFCTN,false,1999-01-01 00:00:00,9999-12-31 00:00:00
266,DPM_CPS_MCB_MCE_TYH_IMS_APL_PUR,HLD_SL_INDCTR,false,1999-01-01 00:00:00,9999-12-31 00:00:00
267,DPM_BAS_MCB_MCY_APL,EBA_BAS,true,1999-01-01 00:00:00,9999-12-31 00:00:00
268,DPM_BAS_MCB_MCY_APL,EBA_MCY,true,1999-01-01 00:00:00,9999-12-31 00:00:00
269,DPM_BAS_MCB_MCY_APL,EBA_APL,true,1999-01-01 00:00:00,9999-12-31 00:00:00
270,DPM_BAS_MCB_MCY_APL,EBA_MCB,true,1999-01-01 00:00:00,9999-12-31 00:00:00
271,DPM_BAS_MCB_MCY_APL,TYP_ACCNTNG_ITM,false,1999-01-01 00:00:00,9999-12-31 00:00:00
272,DPM_BAS_MCB_MCY_APL,HLD_SL_INDCTR,false,1999-01-01 00:00:00,9999-12-31 00:00:00
273,DPM_md11,EBA_md11,true,1999-01-01 00:00:00,9999-12-31 00:00:00
274,DPM_md114,EBA_md114,true,1999-01-01 00:00:00,9999-12-31 00:00:00
275,DPM_md12,EBA_md12,true,1999-01-01 00:00:00,9999-12-31 00:00:00
276,DPM_md13,EBA_md13,true,1999-01-01 00:00:00,9999-12-31 00:00:00
277,DPM_md131,EBA_md131,true,1999-01-01 00:00:00,9999-12-31 00:00:00
278,DPM_md139,EBA_md139,true,1999-01-01 00:00:00,9999-12-31 00:00:00
279,DPM_md14,EBA_md14,true,1999-01-01 00:00:00,9999-12-31 00:00:00
280,DPM_md140,EBA_md140,true,1999-01-01 00:00:00,9999-12-31 00:00:00
281,DPM_md147,EBA_md147,true,1999-01-01 00:00:00,9999-12-31 00:00:00
282,DPM_md149,EBA_md149,true,1999-01-01 00:00:00,9999-12-31 00:00:00
283,DPM_md150,EBA_md150,true,1999-01-01 00:00:00,9999-12-31 00:00:00
284,DPM_md151,EBA_md151,true,1999-01-01 00:00:00,9999-12-31 00:00:00
285,DPM_md186,EBA_md186,true,1999-01-01 00:00:00,9999-12-31 00:00:00
286,DPM_CPS_MCB_MCE_TYH_IMS_APL_PUR,NGTBL_SCRTY_INDCTR,false,1999-01-01 00:00:00,9999-12-31 00:00:00
287,DPM_CPS_MCB_MCE_TYH_IMS_APL_PUR,SBJCT_IMPRMNT_INDCTR,false,1999-01-01 00:00:00,9999-12-31 00:00:00
288,DPM_CPS_MCB_MCE_TYH_IMS_APL_PUR,PRPS,false,1999-01-01 00:00:00,9999-12-31 00:00:00
289,DPM_MCV_F_44.03,EBA_MCV,true,1999-01-01 00:00:00,9999-12-31 00:00:00
290,DPM_CPS_CPZ_MCY,EBA_MCY,true,1999-01-01 00:00:00,9999-12-31 00:00:00
291,DPM_CPS_CPZ_MCY,EBA_CPS,true,1999-01-01 00:00:00,9999-12-31 00:00:00
292,DPM_CPS_CPZ_MCY,EBA_CPZ,true,1999-01-01 00:00:00,9999-12-31 00:00:00
293,DPM_CPS_CPZ_MCY,ENTRPRS_SZ,false,1999-01-01 00:00:00,9999-12-31 00:00:00
294,DPM_CPS_CPZ_MCY,INSTTTNL_SCTR,false,1999-01-01 00:00:00,9999-12-31 00:00:00
295,DPM_CPS_CPZ_MCY,MLTLTRL_DVLPMNT_BNK_INDCTR,false,1999-01-01 00:00:00,9999-12-31 00:00:00
296,DPM_CPS_CPZ_MCY,PRTY_RL_TYP,false,1999-01-01 00:00:00,9999-12-31 00:00:00
297,DPM_CPS_CPZ_MCY,MN_DBTR_INDCTR,false,1999-01-01 00:00:00,9999-12-31 00:00:00
298,DPM_CPS_CPZ_MCY,TYP_INSTRMNT,false,1999-01-01 00:00:00,9999-12-31 00:00:00
299,DPM_CPS_CPZ_MCY,NGTBL_SCRTY_INDCTR,false,1999-01-01 00:00:00,9999-12-31 00:00:00
300,DPM_TRI_F_04.03.1,EBA_TRI,true,1999-01-01 00:00:00,9999-12-31 00:00:00
301,DPM_TRI_F_04.03.1,LW_CRDT_RSK_INDCTR,false,1999-01-01 00:00:00,9999-12-31 00:00:00
302,DPM_CPS_CPZ_MCG_MCY_PUR,EBA_MCY,true,1999-01-01 00:00:00,9999-12-31 00:00:00
303,DPM_CPS_CPZ_MCG_MCY_PUR,EBA_CPS,true,1999-01-01 00:00:00,9999-12-31 00:00:00
304,DPM_CPS_CPZ_MCG_MCY_PUR,EBA_CPZ,true,1999-01-01 00:00:00,9999-12-31 00:00:00
305,DPM_CPS_CPZ_MCG_MCY_PUR,EBA_MCG,true,1999-01-01 00:00:00,9999-12-31 00:00:00
306,DPM_CPS_CPZ_MCG_MCY_PUR,EBA_PUR,true,1999-01-01 00:00:00,9999-12-31 00:00:00
307,DPM_CPS_CPZ_MCG_MCY_PUR,TYP_INSTRMNT,false,1999-01-01 00:00:00,9999-12-31 00:00:00
308,DPM_CPS_CPZ_MCG_MCY_PUR,NGTBL_SCRTY_INDCTR,false,1999-01-01 00:00:00,9999-12-31 00:00:00
309,DPM_CPS_CPZ_MCG_MCY_PUR,INSTTTNL_SCTR,false,1999-01-01 00:00:00,9999-12-31 00:00:00
310,DPM_CPS_CPZ_MCG_MCY_PUR,MLTLTRL_DVLPMNT_BNK_INDCTR,false,1999-01-01 00:00:00,9999-12-31 00:00:00
311,DPM_CPS_CPZ_MCG_MCY_PUR,PRTY_RL_TYP,false,1999-01-01 00:00:00,9999-12-31 00:00:00
312,DPM_CPS_CPZ_MCG_MCY_PUR,MN_DBTR_INDCTR,false,1999-01-01 00:00:00,9999-12-31 00:00:00
313,DPM_CPS_CPZ_MCG_MCY_PUR,ENTRPRS_SZ,false,1999-01-01 00:00:00,9999-12-31 00:00:00
314,DPM_CPS_CPZ_MCG_MCY_PUR,PRPS,false,1999-01-01 00:00:00,9999-12-31 00:00:00
315,DPM_CPS_CPZ_MCG_MCY_PUR,TYP_CLLTRL,false,1999-01-01 00:00:00,9999-12-31 00:00:00
316,DPM_ACT,EBA_ACT,true,1999-01-01 00:00:00,9999-12-31 00:00:00
317,DPM_ACT,TRTMNT_TRNSFRRD_ASSTS_BLNC_SHT,false,1999-01-01 00:00:00,9999-12-31 00:00:00
318,DPM_TRT,EBA_TRT,true,1999-01-01 00:00:00,9999-12-31 00:00:00
319,DPM_MCT_PLT,EBA_MCT,true,1999-01-01 00:00:00,9999-12-31 00:00:00
320,DPM_MCT_PLT,EBA_PLT,true,1999-01-01 00:00:00,9999-12-31 00:00:00
321,DPM_MCT_PLT,NGTBL_SCRTY_INDCTR,false,1999-01-01 00:00:00,9999-12-31 00:00:00
322,DPM_MCT_PLT,HLD_SL_INDCTR,false,1999-01-01 00:00:00,9999-12-31 00:00:00
323,DPM_MCT_PLT,SBJCT_IMPRMNT_INDCTR,false,1999-01-01 00:00:00,9999-12-31 00:00:00
324,DPM_BAS_CPS_CPZ_MCG_MCY_MCP_PUR_APL,EBA_BAS,true,1999-01-01 00:00:00,9999-12-31 00:00:00
325,DPM_BAS_CPS_CPZ_MCG_MCY_MCP_PUR_APL,EBA_MCY,true,1999-01-01 00:00:00,9999-12-31 00:00:00
326,DPM_md197,EBA_md197,true,1999-01-01 00:00:00,9999-12-31 00:00:00
327,DPM_md199,EBA_md199,true,1999-01-01 00:00:00,9999-12-31 00:00:00
328,DPM_md200,EBA_md200,true,1999-01-01 00:00:00,9999-12-31 00:00:00
329,DPM_md201,EBA_md201,true,1999-01-01 00:00:00,9999-12-31 00:00:00
330,DPM_md202,EBA_md202,true,1999-01-01 00:00:00,9999-12-31 00:00:00
331,DPM_md203,EBA_md203,true,1999-01-01 00:00:00,9999-12-31 00:00:00
332,DPM_md210,EBA_md210,true,1999-01-01 00:00:00,9999-12-31 00:00:00
333,DPM_md216,EBA_md216,true,1999-01-01 00:00:00,9999-12-31 00:00:00
334,DPM_md233,EBA_md233,true,1999-01-01 00:00:00,9999-12-31 00:00:00
335,DPM_BAS_CPS_MCY,EBA_BAS,true,1999-01-01 00:00:00,9999-12-31 00:00:00
336,DPM_BAS_CPS_MCY,EBA_MCY,true,1999-01-01 00:00:00,9999-12-31 00:00:00
337,DPM_BAS_CPS_MCY,EBA_CPS,true,1999-01-01 00:00:00,9999-12-31 00:00:00
338,DPM_BAS_CPS_MCY,INSTTTNL_SCTR,false,1999-01-01 00:00:00,9999-12-31 00:00:00
339,DPM_BAS_CPS_MCY,MLTLTRL_DVLPMNT_BNK_INDCTR,false,1999-01-01 00:00:00,9999-12-31 00:00:00
340,DPM_BAS_CPS_MCY,PRTY_RL_TYP,false,1999-01-01 00:00:00,9999-12-31 00:00:00
341,DPM_BAS_CPS_MCY,MN_DBTR_INDCTR,false,1999-01-01 00:00:00,9999-12-31 00:00:00
342,DPM_BAS_CPS_MCY,TYP_INSTRMNT,false,1999-01-01 00:00:00,9999-12-31 00:00:00
343,DPM_BAS_CPS_MCY,NGTBL_SCRTY_INDCTR,false,1999-01-01 00:00:00,9999-12-31 00:00:00
344,DPM_BAS_CPS_MCY,TYP_ACCNTNG_ITM,false,1999-01-01 00:00:00,9999-12-31 00:00:00
345,DPM_IMS_PFS_2.9,EBA_IMS,true,1999-01-01 00:00:00,9999-12-31 00:00:00
346,DPM_IMS_PFS_2.9,EBA_PFS,true,1999-01-01 00:00:00,9999-12-31 00:00:00
347,DPM_IMS_PFS_2.9,PRFRMNG_STTS,false,1999-01-01 00:00:00,9999-12-31 00:00:00
348,DPM_IMS_PFS_2.9,IMPRMNT_STTS,false,1999-01-01 00:00:00,9999-12-31 00:00:00
349,DPM_IMS_PFS_2.9,DFLT_STTS,false,1999-01-01 00:00:00,9999-12-31 00:00:00
350,DPM_BAS_APL_2.9,EBA_APL,true,1999-01-01 00:00:00,9999-12-31 00:00:00
351,DPM_BAS_APL_2.9,EBA_BAS,true,1999-01-01 00:00:00,9999-12-31 00:00:00
352,DPM_BAS_APL_2.9,ACCNTNG_CLSSFCTN,false,1999-01-01 00:00:00,9999-12-31 00:00:00
353,DPM_BAS_APL_2.9,TYP_ACCNTNG_ITM,false,1999-01-01 00:00:00,9999-12-31 00:00:00
354,DPM_BAS_APL_2.9,HLD_SL_INDCTR,false,1999-01-01 00:00:00,9999-12-31 00:00:00
355,DPM_BAS_APL_2.9,SBJCT_IMPRMNT_INDCTR,false,1999-01-01 00:00:00,9999-12-31 00:00:00
356,DPM_CPS_CPZ_MCB_MCG_MCY_PUR,EBA_MCY,true,1999-01-01 00:00:00,9999-12-31 00:00:00
357,DPM_CPS_CPZ_MCB_MCG_MCY_PUR,EBA_MCB,true,1999-01-01 00:00:00,9999-12-31 00:00:00
358,DPM_CPS_CPZ_MCB_MCG_MCY_PUR,EBA_CPS,true,1999-01-01 00:00:00,9999-12-31 00:00:00
359,DPM_CPS_CPZ_MCB_MCG_MCY_PUR,EBA_CPZ,true,1999-01-01 00:00:00,9999-12-31 00:00:00
360,DPM_CPS_CPZ_MCB_MCG_MCY_PUR,EBA_MCG,true,1999-01-01 00:00:00,9999-12-31 00:00:00
361,DPM_CPS_CPZ_MCB_MCG_MCY_PUR,EBA_PUR,true,1999-01-01 00:00:00,9999-12-31 00:00:00
362,DPM_CPS_CPZ_MCB_MCG_MCY_PUR,TYP_INSTRMNT,false,1999-01-01 00:00:00,9999-12-31 00:00:00
363,DPM_CPS_CPZ_MCB_MCG_MCY_PUR,NGTBL_SCRTY_INDCTR,false,1999-01-01 00:00:00,9999-12-31 00:00:00
364,DPM_CPS_CPZ_MCB_MCG_MCY_PUR,RPYMNT_RGHTS,false,1999-01-01 00:00:00,9999-12-31 00:00:00
365,DPM_CPS_CPZ_MCB_MCG_MCY_PUR,INSTTTNL_SCTR,false,1999-01-01 00:00:00,9999-12-31 00:00:00
366,DPM_CPS_CPZ_MCB_MCG_MCY_PUR,MLTLTRL_DVLPMNT_BNK_INDCTR,false,1999-01-01 00:00:00,9999-12-31 00:00:00
367,DPM_BAS_CPS_CPZ_MCG_MCY_MCP_PUR_APL,NGTBL_SCRTY_INDCTR,false,1999-01-01 00:00:00,9999-12-31 00:00:00
368,DPM_BAS_CPS_CPZ_MCG_MCY_MCP_PUR_APL,INSTTTNL_SCTR,false,1999-01-01 00:00:00,9999-12-31 00:00:00
369,DPM_BAS_CPS_CPZ_MCG_MCY_MCP_PUR_APL,MLTLTRL_DVLPMNT_BNK_INDCTR,false,1999-01-01 00:00:00,9999-12-31 00:00:00
370,DPM_BAS_CPS_CPZ_MCG_MCY_MCP_PUR_APL,PRTY_RL_TYP,false,1999-01-01 00:00:00,9999-12-31 00:00:00
371,DPM_BAS_CPS_CPZ_MCG_MCY_MCP_PUR_APL,MN_DBTR_INDCTR,false,1999-01-01 00:00:00,9999-12-31 00:00:00
372,DPM_BAS_CPS_CPZ_MCG_MCY_MCP_PUR_APL,ENTRPRS_SZ,false,1999-01-01 00:00:00,9999-12-31 00:00:00
373,DPM_BAS_CPS_CPZ_MCG_MCY_MCP_PUR_APL,PRPS,false,1999-01-01 00:00:00,9999-12-31 00:00:00
374,DPM_BAS_CPS_MCY_APL,EBA_CPS,true,1999-01-01 00:00:00,9999-12-31 00:00:00
375,DPM_BAS_CPS_CPZ_MCG_MCY_MCP_PUR_APL,EBA_MCP,true,1999-01-01 00:00:00,9999-12-31 00:00:00
376,DPM_BAS_CPS_CPZ_MCG_MCY_MCP_PUR_APL,EBA_APL,true,1999-01-01 00:00:00,9999-12-31 00:00:00
377,DPM_BAS_CPS_CPZ_MCG_MCY_MCP_PUR_APL,EBA_CPS,true,1999-01-01 00:00:00,9999-12-31 00:00:00
378,DPM_BAS_CPS_CPZ_MCG_MCY_MCP_PUR_APL,EBA_CPZ,true,1999-01-01 00:00:00,9999-12-31 00:00:00
379,DPM_BAS_CPS_CPZ_MCG_MCY_MCP_PUR_APL,EBA_MCG,true,1999-01-01 00:00:00,9999-12-31 00:00:00
380,DPM_BAS_CPS_CPZ_MCG_MCY_MCP_PUR_APL,EBA_PUR,true,1999-01-01 00:00:00,9999-12-31 00:00:00
381,DPM_BAS_CPS_CPZ_MCG_MCY_MCP_PUR_APL,TYP_ACCNTNG_ITM,false,1999-01-01 00:00:00,9999-12-31 00:00:00
382,DPM_BAS_CPS_CPZ_MCG_MCY_MCP_PUR_APL,ACCNTNG_CLSSFCTN,false,1999-01-01 00:00:00,9999-12-31 00:00:00
383,DPM_BAS_CPS_CPZ_MCG_MCY_MCP_PUR_APL,HLD_SL_INDCTR,false,1999-01-01 00:00:00,9999-12-31 00:00:00
384,DPM_BAS_CPS_CPZ_MCG_MCY_MCP_PUR_APL,TYP_INSTRMNT,false,1999-01-01 00:00:00,9999-12-31 00:00:00
385,DPM_BAS_CPS_MCY_APL,EBA_MCY,true,1999-01-01 00:00:00,9999-12-31 00:00:00
386,DPM_BAS_CPS_MCY_APL,EBA_APL,true,1999-01-01 00:00:00,9999-12-31 00:00:00
387,DPM_BAS_CPS_MCY_APL,EBA_BAS,true,1999-01-01 00:00:00,9999-12-31 00:00:00
388,DPM_BAS_CPS_MCY_APL,INSTTTNL_SCTR,false,1999-01-01 00:00:00,9999-12-31 00:00:00
389,DPM_BAS_CPS_MCY_APL,MLTLTRL_DVLPMNT_BNK_INDCTR,false,1999-01-01 00:00:00,9999-12-31 00:00:00
390,DPM_md239,EBA_md239,true,1999-01-01 00:00:00,9999-12-31 00:00:00
391,DPM_md240,EBA_md240,true,1999-01-01 00:00:00,9999-12-31 00:00:00
392,DPM_md241,EBA_md241,true,1999-01-01 00:00:00,9999-12-31 00:00:00
393,DPM_md242,EBA_md242,true,1999-01-01 00:00:00,9999-12-31 00:00:00
394,DPM_CPS_CPZ_MCB_MCG_MCY_PUR,PRTY_RL_TYP,false,1999-01-01 00:00:00,9999-12-31 00:00:00
395,DPM_CPS_CPZ_MCB_MCG_MCY_PUR,MN_DBTR_INDCTR,false,1999-01-01 00:00:00,9999-12-31 00:00:00
396,DPM_CPS_CPZ_MCB_MCG_MCY_PUR,ENTRPRS_SZ,false,1999-01-01 00:00:00,9999-12-31 00:00:00
397,DPM_CPS_CPZ_MCB_MCG_MCY_PUR,PRPS,false,1999-01-01 00:00:00,9999-12-31 00:00:00
398,DPM_CPS_CPZ_MCB_MCG_MCY_PUR,TYP_CLLTRL,false,1999-01-01 00:00:00,9999-12-31 00:00:00
399,DPM_FRS_IMS_PFS_TPD,EBA_IMS,true,1999-01-01 00:00:00,9999-12-31 00:00:00
400,DPM_FRS_IMS_PFS_TPD,EBA_PFS,true,1999-01-01 00:00:00,9999-12-31 00:00:00
401,DPM_FRS_IMS_PFS_TPD,EBA_TPD,true,1999-01-01 00:00:00,9999-12-31 00:00:00
402,DPM_FRS_IMS_PFS_TPD,EBA_FRS,true,1999-01-01 00:00:00,9999-12-31 00:00:00
403,DPM_FRS_IMS_PFS_TPD,IMPRMNT_STTS,false,1999-01-01 00:00:00,9999-12-31 00:00:00
404,DPM_FRS_IMS_PFS_TPD,PRFRMNG_STTS,false,1999-01-01 00:00:00,9999-12-31 00:00:00
405,DPM_FRS_IMS_PFS_TPD,DFLT_STTS,false,1999-01-01 00:00:00,9999-12-31 00:00:00
406,DPM_MCB,EBA_MCB,true,1999-01-01 00:00:00,9999-12-31 00:00:00
407,DPM_MCB,UNDR_CNSTRCTN_INDCTR,false,1999-01-01 00:00:00,9999-12-31 00:00:00
408,DPM_MCB,PLNNNG_PRMSSN_INDCTR,false,1999-01-01 00:00:00,9999-12-31 00:00:00
409,DPM_FBS_F_19.00,EBA_FBS,true,1999-01-01 00:00:00,9999-12-31 00:00:00
410,DPM_FBS_F_19.00,NN_PRFRMNG_PRR_FRBRNC_INDCTR,false,1999-01-01 00:00:00,9999-12-31 00:00:00
411,DPM_IMS_PFS,EBA_IMS,true,1999-01-01 00:00:00,9999-12-31 00:00:00
412,DPM_IMS_PFS,EBA_PFS,true,1999-01-01 00:00:00,9999-12-31 00:00:00
413,DPM_IMS_PFS,PRFRMNG_STTS,false,1999-01-01 00:00:00,9999-12-31 00:00:00
414,DPM_IMS_PFS,DFLT_STTS,false,1999-01-01 00:00:00,9999-12-31 00:00:00
415,DPM_IMS_PFS,IMPRMNT_STTS,false,1999-01-01 00:00:00,9999-12-31 00:00:00
416,DPM_IMS_PFS,PRFRMNG_STTS_RSN,false,1999-01-01 00:00:00,9999-12-31 00:00:00
417,DPM_CPS_CPZ_MCB_MCY_PUR,EBA_MCY,true,1999-01-01 00:00:00,9999-12-31 00:00:00
418,DPM_CPS_CPZ_MCB_MCY_PUR,EBA_MCB,true,1999-01-01 00:00:00,9999-12-31 00:00:00
419,DPM_CPS_CPZ_MCB_MCY_PUR,EBA_CPS,true,1999-01-01 00:00:00,9999-12-31 00:00:00
420,DPM_CPS_CPZ_MCB_MCY_PUR,EBA_CPZ,true,1999-01-01 00:00:00,9999-12-31 00:00:00
421,DPM_CPS_CPZ_MCB_MCY_PUR,EBA_PUR,true,1999-01-01 00:00:00,9999-12-31 00:00:00
422,DPM_CPS_CPZ_MCB_MCY_PUR,TYP_INSTRMNT,false,1999-01-01 00:00:00,9999-12-31 00:00:00
423,DPM_CPS_CPZ_MCB_MCY_PUR,NGTBL_SCRTY_INDCTR,false,1999-01-01 00:00:00,9999-12-31 00:00:00
424,DPM_BAS_CPS_MCY_APL,MN_DBTR_INDCTR,false,1999-01-01 00:00:00,9999-12-31 00:00:00
425,DPM_BAS_CPS_MCY_APL,TYP_INSTRMNT,false,1999-01-01 00:00:00,9999-12-31 00:00:00
426,DPM_BAS_CPS_MCY_APL,NGTBL_SCRTY_INDCTR,false,1999-01-01 00:00:00,9999-12-31 00:00:00
427,DPM_BAS_CPS_MCY_APL,ACCNTNG_CLSSFCTN,false,1999-01-01 00:00:00,9999-12-31 00:00:00
428,DPM_BAS_CPS_MCY_APL,TYP_ACCNTNG_ITM,false,1999-01-01 00:00:00,9999-12-31 00:00:00
429,DPM_BAS_CPS_MCY_APL,HLD_SL_INDCTR,false,1999-01-01 00:00:00,9999-12-31 00:00:00
430,DPM_BAS_CPS_MCY_APL,SBJCT_IMPRMNT_INDCTR,false,1999-01-01 00:00:00,9999-12-31 00:00:00
431,DPM_IMS_PFS_TPD,EBA_IMS,true,1999-01-01 00:00:00,9999-12-31 00:00:00
432,DPM_IMS_PFS_TPD,EBA_PFS,true,1999-01-01 00:00:00,9999-12-31 00:00:00
433,DPM_IMS_PFS_TPD,EBA_TPD,true,1999-01-01 00:00:00,9999-12-31 00:00:00
434,DPM_IMS_PFS_TPD,PRFRMNG_STTS,false,1999-01-01 00:00:00,9999-12-31 00:00:00
435,DPM_IMS_PFS_TPD,DFLT_STTS,false,1999-01-01 00:00:00,9999-12-31 00:00:00
436,DPM_IMS_PFS_TPD,IMPRMNT_STTS,false,1999-01-01 00:00:00,9999-12-31 00:00:00
437,DPM_MCE_APL_RPR,EBA_MCE,true,1999-01-01 00:00:00,9999-12-31 00:00:00
438,DPM_MCE_APL_RPR,EBA_APL,true,1999-01-01 00:00:00,9999-12-31 00:00:00
439,DPM_MCE_APL_RPR,EBA_RPR,true,1999-01-01 00:00:00,9999-12-31 00:00:00
440,DPM_MCE_APL_RPR,ACCNTNG_CLSSFCTN,false,1999-01-01 00:00:00,9999-12-31 00:00:00
441,DPM_BAS_CPS_MCY_APL,PRTY_RL_TYP,false,1999-01-01 00:00:00,9999-12-31 00:00:00
442,DPM_MCE_APL_RPR,MSRMNT_MTHD,false,1999-01-01 00:00:00,9999-12-31 00:00:00
443,DPM_BAS_MCY_APL_RPR,EBA_MCY,true,1999-01-01 00:00:00,9999-12-31 00:00:00
444,DPM_BAS_MCY_APL_RPR,EBA_APL,true,1999-01-01 00:00:00,9999-12-31 00:00:00
445,DPM_BAS_MCY_APL_RPR,EBA_BAS,true,1999-01-01 00:00:00,9999-12-31 00:00:00
446,DPM_BAS_MCY_APL_RPR,EBA_RPR,true,1999-01-01 00:00:00,9999-12-31 00:00:00
447,DPM_BAS_MCY_APL_RPR,TYP_INSTRMNT,false,1999-01-01 00:00:00,9999-12-31 00:00:00
448,DPM_md249,EBA_md249,true,1999-01-01 00:00:00,9999-12-31 00:00:00
449,DPM_md249,FV_CHNG,false,1999-01-01 00:00:00,9999-12-31 00:00:00
450,DPM_md251,EBA_md251,true,1999-01-01 00:00:00,9999-12-31 00:00:00
451,DPM_md252,EBA_md252,true,1999-01-01 00:00:00,9999-12-31 00:00:00
452,DPM_md254,EBA_md254,true,1999-01-01 00:00:00,9999-12-31 00:00:00
453,DPM_md46,EBA_md46,true,1999-01-01 00:00:00,9999-12-31 00:00:00
454,DPM_md509,EBA_md509,true,1999-01-01 00:00:00,9999-12-31 00:00:00
455,DPM_md510,EBA_md510,true,1999-01-01 00:00:00,9999-12-31 00:00:00
456,DPM_md511,EBA_md511,true,1999-01-01 00:00:00,9999-12-31 00:00:00
457,DPM_md512,EBA_md512,true,1999-01-01 00:00:00,9999-12-31 00:00:00
458,DPM_md513,EBA_md513,true,1999-01-01 00:00:00,9999-12-31 00:00:00
459,DPM_md514,EBA_md514,true,1999-01-01 00:00:00,9999-12-31 00:00:00
460,DPM_md515,EBA_md515,true,1999-01-01 00:00:00,9999-12-31 00:00:00
461,DPM_md516,EBA_md516,true,1999-01-01 00:00:00,9999-12-31 00:00:00
462,DPM_md59,EBA_md59,true,1999-01-01 00:00:00,9999-12-31 00:00:00
463,DPM_md60,EBA_md60,true,1999-01-01 00:00:00,9999-12-31 00:00:00
464,DPM_md62,EBA_md62,true,1999-01-01 00:00:00,9999-12-31 00:00:00
465,DPM_md67,EBA_md67,true,1999-01-01 00:00:00,9999-12-31 00:00:00
466,DPM_md69,EBA_md69,true,1999-01-01 00:00:00,9999-12-31 00:00:00
467,DPM_md70,EBA_md70,true,1999-01-01 00:00:00,9999-12-31 00:00:00
468,DPM_CPS_CPZ_MCB_MCY_PUR,RPYMNT_RGHTS,false,1999-01-01 00:00:00,9999-12-31 00:00:00
469,DPM_CPS_CPZ_MCB_MCY_PUR,INSTTTNL_SCTR,false,1999-01-01 00:00:00,9999-12-31 00:00:00
470,DPM_CPS_CPZ_MCB_MCY_PUR,MLTLTRL_DVLPMNT_BNK_INDCTR,false,1999-01-01 00:00:00,9999-12-31 00:00:00
471,DPM_CPS_CPZ_MCB_MCY_PUR,PRTY_RL_TYP,false,1999-01-01 00:00:00,9999-12-31 00:00:00
472,DPM_CPS_CPZ_MCB_MCY_PUR,MN_DBTR_INDCTR,false,1999-01-01 00:00:00,9999-12-31 00:00:00
473,DPM_CPS_CPZ_MCB_MCY_PUR,ENTRPRS_SZ,false,1999-01-01 00:00:00,9999-12-31 00:00:00
474,DPM_CPS_CPZ_MCB_MCY_PUR,PRPS,false,1999-01-01 00:00:00,9999-12-31 00:00:00
475,DPM_CPS_MCB_MCU_MCY,EBA_MCY,true,1999-01-01 00:00:00,9999-12-31 00:00:00
476,DPM_CPS_MCB_MCU_MCY,EBA_MCB,true,1999-01-01 00:00:00,9999-12-31 00:00:00
477,DPM_CPS_MCB_MCU_MCY,EBA_MCU,true,1999-01-01 00:00:00,9999-12-31 00:00:00
478,DPM_CPS_MCB_MCU_MCY,EBA_CPS,true,1999-01-01 00:00:00,9999-12-31 00:00:00
479,DPM_CPS_MCB_MCU_MCY,INSTTTNL_SCTR,false,1999-01-01 00:00:00,9999-12-31 00:00:00
480,DPM_CPS_MCB_MCU_MCY,MLTLTRL_DVLPMNT_BNK_INDCTR,false,1999-01-01 00:00:00,9999-12-31 00:00:00
481,DPM_CPS_MCB_MCU_MCY,PRTY_RL_TYP,false,1999-01-01 00:00:00,9999-12-31 00:00:00
482,DPM_CPS_MCB_MCU_MCY,MN_DBTR_INDCTR,false,1999-01-01 00:00:00,9999-12-31 00:00:00
483,DPM_CPS_MCB_MCU_MCY,TYP_INSTRMNT,false,1999-01-01 00:00:00,9999-12-31 00:00:00
484,DPM_CPS_MCB_MCU_MCY,NGTBL_SCRTY_INDCTR,false,1999-01-01 00:00:00,9999-12-31 00:00:00
485,DPM_BAS_CPS_CPZ_MCB_MCG_MCY_MCP_PUR_APL,EBA_BAS,true,1999-01-01 00:00:00,9999-12-31 00:00:00
486,DPM_BAS_CPS_CPZ_MCB_MCG_MCY_MCP_PUR_APL,EBA_MCY,true,1999-01-01 00:00:00,9999-12-31 00:00:00
487,DPM_BAS_CPS_CPZ_MCB_MCG_MCY_MCP_PUR_APL,EBA_MCP,true,1999-01-01 00:00:00,9999-12-31 00:00:00
488,DPM_BAS_CPS_CPZ_MCB_MCG_MCY_MCP_PUR_APL,EBA_APL,true,1999-01-01 00:00:00,9999-12-31 00:00:00
489,DPM_BAS_CPS_CPZ_MCB_MCG_MCY_MCP_PUR_APL,EBA_CPS,true,1999-01-01 00:00:00,9999-12-31 00:00:00
490,DPM_BAS_CPS_CPZ_MCB_MCG_MCY_MCP_PUR_APL,EBA_CPZ,true,1999-01-01 00:00:00,9999-12-31 00:00:00
491,DPM_BAS_CPS_CPZ_MCB_MCG_MCY_MCP_PUR_APL,EBA_MCG,true,1999-01-01 00:00:00,9999-12-31 00:00:00
492,DPM_BAS_CPS_CPZ_MCB_MCG_MCY_MCP_PUR_APL,EBA_PUR,true,1999-01-01 00:00:00,9999-12-31 00:00:00
493,DPM_BAS_CPS_CPZ_MCB_MCG_MCY_MCP_PUR_APL,EBA_MCB,true,1999-01-01 00:00:00,9999-12-31 00:00:00
494,DPM_BAS_CPS_CPZ_MCB_MCG_MCY_MCP_PUR_APL,TYP_ACCNTNG_ITM,false,1999-01-01 00:00:00,9999-12-31 00:00:00
495,DPM_BAS_CPS_CPZ_MCB_MCG_MCY_MCP_PUR_APL,ACCNTNG_CLSSFCTN,false,1999-01-01 00:00:00,9999-12-31 00:00:00
496,DPM_BAS_CPS_CPZ_MCB_MCG_MCY_MCP_PUR_APL,HLD_SL_INDCTR,false,1999-01-01 00:00:00,9999-12-31 00:00:00
497,DPM_BAS_CPS_CPZ_MCB_MCG_MCY_MCP_PUR_APL,TYP_INSTRMNT,false,1999-01-01 00:00:00,9999-12-31 00:00:00
498,DPM_BAS_CPS_CPZ_MCB_MCG_MCY_MCP_PUR_APL,NGTBL_SCRTY_INDCTR,false,1999-01-01 00:00:00,9999-12-31 00:00:00
499,DPM_BAS_MCY_APL_RPR,NGTBL_SCRTY_INDCTR,false,1999-01-01 00:00:00,9999-12-31 00:00:00
500,DPM_BAS_MCY_APL_RPR,ACCNTNG_CLSSFCTN,false,1999-01-01 00:00:00,9999-12-31 00:00:00
501,DPM_BAS_MCY_APL_RPR,TYP_ACCNTNG_ITM,false,1999-01-01 00:00:00,9999-12-31 00:00:00
502,DPM_BAS_MCY_APL_RPR,MSRMNT_MTHD,false,1999-01-01 00:00:00,9999-12-31 00:00:00
503,DPM_md71,EBA_md71,true,1999-01-01 00:00:00,9999-12-31 00:00:00
504,DPM_md72,EBA_md72,true,1999-01-01 00:00:00,9999-12-31 00:00:00
505,DPM_md73,EBA_md73,true,1999-01-01 00:00:00,9999-12-31 00:00:00
506,DPM_md83,EBA_md83,true,1999-01-01 00:00:00,9999-12-31 00:00:00
507,DPM_md85,EBA_md85,true,1999-01-01 00:00:00,9999-12-31 00:00:00
508,DPM_pi221,EBA_pi221,true,1999-01-01 00:00:00,9999-12-31 00:00:00
509,DPM_pi221,ACCMLTD_EQT_INTRST,false,1999-01-01 00:00:00,9999-12-31 00:00:00
510,DPM_pi223,EBA_pi223,true,1999-01-01 00:00:00,9999-12-31 00:00:00
511,DPM_pi223,VTNG_RGHT,false,1999-01-01 00:00:00,9999-12-31 00:00:00
512,DPM_si168,EBA_si168,true,1999-01-01 00:00:00,9999-12-31 00:00:00
513,DPM_si168,NM_ENTTY,false,1999-01-01 00:00:00,9999-12-31 00:00:00
514,DPM_si169,EBA_si169,true,1999-01-01 00:00:00,9999-12-31 00:00:00
515,DPM_si288,EBA_si288,true,1999-01-01 00:00:00,9999-12-31 00:00:00
516,DPM_si288,LEI,false,1999-01-01 00:00:00,9999-12-31 00:00:00
517,DPM_si289,EBA_si289,true,1999-01-01 00:00:00,9999-12-31 00:00:00
518,DPM_si299,EBA_si299,true,1999-01-01 00:00:00,9999-12-31 00:00:00
519,DPM_ei138,EBA_ei138,true,1999-01-01 00:00:00,9999-12-31 00:00:00
520,DPM_ei152,EBA_ei152,true,1999-01-01 00:00:00,9999-12-31 00:00:00
521,DPM_ei218,EBA_ei218,true,1999-01-01 00:00:00,9999-12-31 00:00:00
522,DPM_ei219,EBA_ei219,true,1999-01-01 00:00:00,9999-12-31 00:00:00
523,DPM_ei219,INSTTTNL_SCTR,false,1999-01-01 00:00:00,9999-12-31 00:00:00
524,DPM_ei364,EBA_ei364,true,1999-01-01 00:00:00,9999-12-31 00:00:00
525,DPM_ei365,EBA_ei365,true,1999-01-01 00:00:00,9999-12-31 00:00:00
526,DPM_BAS_CPS_CPZ_MCB_MCG_MCY_MCP_PUR_APL,RPYMNT_RGHTS,false,1999-01-01 00:00:00,9999-12-31 00:00:00
527,DPM_BAS_CPS_CPZ_MCB_MCG_MCY_MCP_PUR_APL,INSTTTNL_SCTR,false,1999-01-01 00:00:00,9999-12-31 00:00:00
528,DPM_BAS_CPS_CPZ_MCB_MCG_MCY_MCP_PUR_APL,MLTLTRL_DVLPMNT_BNK_INDCTR,false,1999-01-01 00:00:00,9999-12-31 00:00:00
529,DPM_BAS_CPS_CPZ_MCB_MCG_MCY_MCP_PUR_APL,PRTY_RL_TYP,false,1999-01-01 00:00:00,9999-12-31 00:00:00
530,DPM_BAS_CPS_CPZ_MCB_MCG_MCY_MCP_PUR_APL,MN_DBTR_INDCTR,false,1999-01-01 00:00:00,9999-12-31 00:00:00
531,DPM_BAS_CPS_CPZ_MCB_MCG_MCY_MCP_PUR_APL,ENTRPRS_SZ,false,1999-01-01 00:00:00,9999-12-31 00:00:00
532,DPM_BAS_CPS_CPZ_MCB_MCG_MCY_MCP_PUR_APL,PRPS,false,1999-01-01 00:00:00,9999-12-31 00:00:00
533,DPM_BAS_CPS_CPZ_MCB_MCG_MCY_MCP_PUR_APL,SBJCT_IMPRMNT_INDCTR,false,1999-01-01 00:00:00,9999-12-31 00:00:00
534,DPM_IMS_PFS_TPD_2.9,EBA_IMS,true,1999-01-01 00:00:00,9999-12-31 00:00:00
535,DPM_IMS_PFS_TPD_2.9,EBA_PFS,true,1999-01-01 00:00:00,9999-12-31 00:00:00
536,DPM_IMS_PFS_TPD_2.9,EBA_TPD,true,1999-01-01 00:00:00,9999-12-31 00:00:00
537,DPM_IMS_PFS_TPD_2.9,IMPRMNT_STTS,false,1999-01-01 00:00:00,9999-12-31 00:00:00
538,DPM_IMS_PFS_TPD_2.9,PRFRMNG_STTS,false,1999-01-01 00:00:00,9999-12-31 00:00:00
539,DPM_PAF,EBA_PAF,true,1999-01-01 00:00:00,9999-12-31 00:00:00
540,DPM_PAF,APPLCTN_FRBRNC_STTS_DT,false,1999-01-01 00:00:00,9999-12-31 00:00:00
541,DPM_TFM,EBA_TFM,true,1999-01-01 00:00:00,9999-12-31 00:00:00
542,DPM_TFM,FRBRNC_MSR_TYP,false,1999-01-01 00:00:00,9999-12-31 00:00:00
543,DPM_FRS,EBA_FRS,true,1999-01-01 00:00:00,9999-12-31 00:00:00
544,DPM_MCP,EBA_MCP,true,1999-01-01 00:00:00,9999-12-31 00:00:00
545,DPM_ALO,EBA_ALO,true,1999-01-01 00:00:00,9999-12-31 00:00:00
546,DPM_ALO,IMPRMNT_ASSSSMNT_MTHD,false,1999-01-01 00:00:00,9999-12-31 00:00:00
547,DPM_RCP,EBA_RCP,true,1999-01-01 00:00:00,9999-12-31 00:00:00
548,DPM_di113,EBA_di113,true,1999-01-01 00:00:00,9999-12-31 00:00:00
549,DPM_di113,DT_ENTRY,false,1999-01-01 00:00:00,9999-12-31 00:00:00
550,DPM_mi772,EBA_mi772,true,1999-01-01 00:00:00,9999-12-31 00:00:00
551,DPM_md677,EBA_md677,true,1999-01-01 00:00:00,9999-12-31 00:00:00
552,DPM_md771,EBA_md771,true,1999-01-01 00:00:00,9999-12-31 00:00:00
553,DPM_mi679,EBA_mi679,true,1999-01-01 00:00:00,9999-12-31 00:00:00
554,DPM_mi678,EBA_mi678,true,1999-01-01 00:00:00,9999-12-31 00:00:00
555,DPM_mi66,EBA_mi66,true,1999-01-01 00:00:00,9999-12-31 00:00:00
556,DPM_md675,EBA_md675,true,1999-01-01 00:00:00,9999-12-31 00:00:00
557,DPM_md675,GRSS_CRRYNG_AMNT,false,1999-01-01 00:00:00,9999-12-31 00:00:00
558,DPM_ii676,EBA_ii676,true,1999-01-01 00:00:00,9999-12-31 00:00:00
559,DPM_mi770,EBA_mi770,true,1999-01-01 00:00:00,9999-12-31 00:00:00
560,DPM_mi770,CLLTRL_VL_UNCPPD,false,1999-01-01 00:00:00,9999-12-31 00:00:00
561,DPM_md683,EBA_md683,true,1999-01-01 00:00:00,9999-12-31 00:00:00
562,DPM_md684,EBA_md684,true,1999-01-01 00:00:00,9999-12-31 00:00:00
563,DPM_md685,EBA_md685,true,1999-01-01 00:00:00,9999-12-31 00:00:00
564,DPM_IMS_PFS_TPD_F_18.02,EBA_IMS,true,1999-01-01 00:00:00,9999-12-31 00:00:00
565,DPM_IMS_PFS_TPD_F_18.02,EBA_PFS,true,1999-01-01 00:00:00,9999-12-31 00:00:00
566,DPM_IMS_PFS_TPD_F_18.02,EBA_TPD,true,1999-01-01 00:00:00,9999-12-31 00:00:00
567,DPM_IMS_PFS_TPD_F_18.02,PRFRMNG_STTS,false,1999-01-01 00:00:00,9999-12-31 00:00:00
568,DPM_IMS_PFS_TPD_F_18.02,DFLT_STTS,false,1999-01-01 00:00:00,9999-12-31 00:00:00
569,DPM_IMS_PFS_TPD_F_18.02,PRFRMNG_STTS_RSN,false,1999-01-01 00:00:00,9999-12-31 00:00:00
570,DPM_PFS_F_26.00.b,EBA_PFS,true,1999-01-01 00:00:00,9999-12-31 00:00:00
571,DPM_PFS_F_26.00.b,PRFRMNG_STTS,false,1999-01-01 00:00:00,9999-12-31 00:00:00
572,DPM_PFS_F_26.00.b,PRFRMNG_STTS_RSN,false,1999-01-01 00:00:00,9999-12-31 00:00:00
573,DPM_CPS_MCE_TYH_IMS_APL,EBA_MCE,true,1999-01-01 00:00:00,9999-12-31 00:00:00
574,DPM_CPS_MCE_TYH_IMS_APL,EBA_APL,true,1999-01-01 00:00:00,9999-12-31 00:00:00
575,DPM_CPS_MCE_TYH_IMS_APL,EBA_CPS,true,1999-01-01 00:00:00,9999-12-31 00:00:00
576,DPM_CPS_MCE_TYH_IMS_APL,EBA_TYH,true,1999-01-01 00:00:00,9999-12-31 00:00:00
577,DPM_CPS_MCE_TYH_IMS_APL,EBA_IMS,true,1999-01-01 00:00:00,9999-12-31 00:00:00
578,DPM_CPS_MCE_TYH_IMS_APL,IMPRMNT_STTS,false,1999-01-01 00:00:00,9999-12-31 00:00:00
579,DPM_CPS_MCE_TYH_IMS_APL,TYP_HDG,false,1999-01-01 00:00:00,9999-12-31 00:00:00
580,DPM_CPS_MCE_TYH_IMS_APL,INSTTTNL_SCTR,false,1999-01-01 00:00:00,9999-12-31 00:00:00
581,DPM_CPS_MCE_TYH_IMS_APL,MLTLTRL_DVLPMNT_BNK_INDCTR,false,1999-01-01 00:00:00,9999-12-31 00:00:00
582,DPM_CPS_MCE_TYH_IMS_APL,PRTY_RL_TYP,false,1999-01-01 00:00:00,9999-12-31 00:00:00
583,DPM_CPS_MCE_TYH_IMS_APL,MN_DBTR_INDCTR,false,1999-01-01 00:00:00,9999-12-31 00:00:00
584,DPM_CPS_MCE_TYH_IMS_APL,ACCNTNG_CLSSFCTN,false,1999-01-01 00:00:00,9999-12-31 00:00:00
585,DPM_CPS_MCE_TYH_IMS_APL,HLD_SL_INDCTR,false,1999-01-01 00:00:00,9999-12-31 00:00:00
586,DPM_CPS_MCE_TYH_IMS_APL,NGTBL_SCRTY_INDCTR,false,1999-01-01 00:00:00,9999-12-31 00:00:00
587,DPM_CPS_MCE_TYH_IMS_APL,SBJCT_IMPRMNT_INDCTR,false,1999-01-01 00:00:00,9999-12-31 00:00:00
588,DPM_TIS,EBA_TIS,true,1999-01-01 00:00:00,9999-12-31 00:00:00
589,DPM_TIS,TRNSFR_IMPRMNT_STGS,false,1999-01-01 00:00:00,9999-12-31 00:00:00
590,DPM_md686,EBA_md686,true,1999-01-01 00:00:00,9999-12-31 00:00:00
591,DPM_md687,EBA_md687,true,1999-01-01 00:00:00,9999-12-31 00:00:00
592,DPM_mi688,EBA_mi688,true,1999-01-01 00:00:00,9999-12-31 00:00:00
593,DPM_mi689,EBA_mi689,true,1999-01-01 00:00:00,9999-12-31 00:00:00
594,DPM_ri695,EBA_ri695,true,1999-01-01 00:00:00,9999-12-31 00:00:00
595,DPM_mi696,EBA_mi696,true,1999-01-01 00:00:00,9999-12-31 00:00:00
596,DPM_mi697,EBA_mi697,true,1999-01-01 00:00:00,9999-12-31 00:00:00
597,DPM_ri769,EBA_ri769,true,1999-01-01 00:00:00,9999-12-31 00:00:00
598,DPM_ii699,EBA_ii699,true,1999-01-01 00:00:00,9999-12-31 00:00:00
599,DPM_mi690,EBA_mi690,true,1999-01-01 00:00:00,9999-12-31 00:00:00
600,DPM_mi690,GCA_EXPSR_DRCGNSD_EXCHNG_CLLTRL,false,1999-01-01 00:00:00,9999-12-31 00:00:00
601,DPM_mi691,EBA_mi691,true,1999-01-01 00:00:00,9999-12-31 00:00:00
602,DPM_mi692,EBA_mi692,true,1999-01-01 00:00:00,9999-12-31 00:00:00
603,DPM_CPS_MCY_TMA,EBA_MCY,true,1999-01-01 00:00:00,9999-12-31 00:00:00
604,DPM_CPS_MCY_TMA,EBA_CPS,true,1999-01-01 00:00:00,9999-12-31 00:00:00
605,DPM_CPS_MCY_TMA,EBA_TMA,true,1999-01-01 00:00:00,9999-12-31 00:00:00
606,DPM_CPS_MCY_TMA,INSTTTNL_SCTR,false,1999-01-01 00:00:00,9999-12-31 00:00:00
607,DPM_CPS_MCY_TMA,MLTLTRL_DVLPMNT_BNK_INDCTR,false,1999-01-01 00:00:00,9999-12-31 00:00:00
608,DPM_CPS_MCY_TMA,PRTY_RL_TYP,false,1999-01-01 00:00:00,9999-12-31 00:00:00
609,DPM_CPS_MCY_TMA,MN_DBTR_INDCTR,false,1999-01-01 00:00:00,9999-12-31 00:00:00
610,DPM_CPS_MCY_TMA,TYP_INSTRMNT,false,1999-01-01 00:00:00,9999-12-31 00:00:00
611,DPM_CPS_MCY_TMA,NGTBL_SCRTY_INDCTR,false,1999-01-01 00:00:00,9999-12-31 00:00:00
612,DPM_mi693,EBA_mi693,true,1999-01-01 00:00:00,9999-12-31 00:00:00
613,DPM_ii694,EBA_ii694,true,1999-01-01 00:00:00,9999-12-31 00:00:00
614,DPM_mi682,EBA_mi682,true,1999-01-01 00:00:00,9999-12-31 00:00:00
615,DPM_si477,EBA_si477,true,1999-01-01 00:00:00,9999-12-31 00:00:00
616,DPM_si476,EBA_si476,true,1999-01-01 00:00:00,9999-12-31 00:00:00
617,DPM_si475,EBA_si475,true,1999-01-01 00:00:00,9999-12-31 00:00:00
618,DPM_si475,NM_ENTTY,false,1999-01-01 00:00:00,9999-12-31 00:00:00
619,DPM_BAS,EBA_BAS,true,1999-01-01 00:00:00,9999-12-31 00:00:00
620,DPM_BAS,TYP_ACCNTNG_ITM,false,1999-01-01 00:00:00,9999-12-31 00:00:00
621,DPM_BAS_APL,EBA_APL,true,1999-01-01 00:00:00,9999-12-31 00:00:00
622,DPM_BAS_APL,EBA_BAS,true,1999-01-01 00:00:00,9999-12-31 00:00:00
623,DPM_BAS_APL,ACCNTNG_CLSSFCTN,false,1999-01-01 00:00:00,9999-12-31 00:00:00
624,DPM_BAS_APL,TYP_ACCNTNG_ITM,false,1999-01-01 00:00:00,9999-12-31 00:00:00
625,DPM_BAS_APL,HLD_SL_INDCTR,false,1999-01-01 00:00:00,9999-12-31 00:00:00
626,DPM_BAS_APL,SBJCT_IMPRMNT_INDCTR,false,1999-01-01 00:00:00,9999-12-31 00:00:00
627,DPM_CPS,EBA_CPS,true,1999-01-01 00:00:00,9999-12-31 00:00:00
628,DPM_CPS,INSTTTNL_SCTR,false,1999-01-01 00:00:00,9999-12-31 00:00:00
629,DPM_CPS,MLTLTRL_DVLPMNT_BNK_INDCTR,false,1999-01-01 00:00:00,9999-12-31 00:00:00
630,DPM_CPS,PRTY_RL_TYP,false,1999-01-01 00:00:00,9999-12-31 00:00:00
631,DPM_CPS,MN_DBTR_INDCTR,false,1999-01-01 00:00:00,9999-12-31 00:00:00
632,DPM_MCB_MCY,EBA_MCY,true,1999-01-01 00:00:00,9999-12-31 00:00:00
633,DPM_MCB_MCY,EBA_MCB,true,1999-01-01 00:00:00,9999-12-31 00:00:00
634,DPM_MCB_MCY,TYP_INSTRMNT,false,1999-01-01 00:00:00,9999-12-31 00:00:00
635,DPM_MCB_MCY,NGTBL_SCRTY_INDCTR,false,1999-01-01 00:00:00,9999-12-31 00:00:00
636,DPM_MCB_MCY,RPYMNT_RGHTS,false,1999-01-01 00:00:00,9999-12-31 00:00:00
637,DPM_MCB_MCY,PRJCT_FNNC_LN,false,1999-01-01 00:00:00,9999-12-31 00:00:00
638,DPM_MCG,EBA_MCG,true,1999-01-01 00:00:00,9999-12-31 00:00:00
639,DPM_MCG,TYP_CLLTRL,false,1999-01-01 00:00:00,9999-12-31 00:00:00
640,DPM_PUR,EBA_PUR,true,1999-01-01 00:00:00,9999-12-31 00:00:00
641,DPM_PUR,PRPS,false,1999-01-01 00:00:00,9999-12-31 00:00:00
642,DPM_CPS_CPZ,EBA_CPS,true,1999-01-01 00:00:00,9999-12-31 00:00:00
643,DPM_CPS_CPZ,EBA_CPZ,true,1999-01-01 00:00:00,9999-12-31 00:00:00
644,DPM_CPS_CPZ,INSTTTNL_SCTR,false,1999-01-01 00:00:00,9999-12-31 00:00:00
645,DPM_CPS_CPZ,MLTLTRL_DVLPMNT_BNK_INDCTR,false,1999-01-01 00:00:00,9999-12-31 00:00:00
646,DPM_CPS_CPZ,PRTY_RL_TYP,false,1999-01-01 00:00:00,9999-12-31 00:00:00
647,DPM_CPS_CPZ,MN_DBTR_INDCTR,false,1999-01-01 00:00:00,9999-12-31 00:00:00
648,DPM_CPS_CPZ,ENTRPRS_SZ,false,1999-01-01 00:00:00,9999-12-31 00:00:00
649,DPM_MCB_MCY_2.9,EBA_MCY,true,1999-01-01 00:00:00,9999-12-31 00:00:00
650,DPM_MCB_MCY_2.9,EBA_MCB,true,1999-01-01 00:00:00,9999-12-31 00:00:00
651,DPM_MCB_MCY_2.9,TYP_INSTRMNT,false,1999-01-01 00:00:00,9999-12-31 00:00:00
652,DPM_MCB_MCY_2.9,NGTBL_SCRTY_INDCTR,false,1999-01-01 00:00:00,9999-12-31 00:00:00
653,DPM_MCB_MCY_2.9,CMMRCL_RL_ESTT_LN_INDCTR,false,1999-01-01 00:00:00,9999-12-31 00:00:00
654,DPM_PFS,EBA_PFS,true,1999-01-01 00:00:00,9999-12-31 00:00:00
655,DPM_PFS,PRFRMNG_STTS,false,1999-01-01 00:00:00,9999-12-31 00:00:00
656,DPM_REF,EBA_REF,true,1999-01-01 00:00:00,9999-12-31 00:00:00
657,DPM_FBS,EBA_FBS,true,1999-01-01 00:00:00,9999-12-31 00:00:00
658,DPM_MCB_MCY_MCG,EBA_MCY,true,1999-01-01 00:00:00,9999-12-31 00:00:00
659,DPM_MCB_MCY_MCG,EBA_MCG,true,1999-01-01 00:00:00,9999-12-31 00:00:00
660,DPM_MCB_MCY_MCG,EBA_MCB,true,1999-01-01 00:00:00,9999-12-31 00:00:00
661,DPM_MCB_MCY_MCG,TYP_INSTRMNT,false,1999-01-01 00:00:00,9999-12-31 00:00:00
662,DPM_MCB_MCY_MCG,NGTBL_SCRTY_INDCTR,false,1999-01-01 00:00:00,9999-12-31 00:00:00
663,DPM_MCB_MCY_MCG,CMMRCL_RL_ESTT_LN_INDCTR,false,1999-01-01 00:00:00,9999-12-31 00:00:00
664,DPM_MCB_MCY_MCG,TYP_CLLTRL,false,1999-01-01 00:00:00,9999-12-31 00:00:00
665,DPM_PFS_TPD,EBA_PFS,true,1999-01-01 00:00:00,9999-12-31 00:00:00
666,DPM_PFS_TPD,EBA_TPD,true,1999-01-01 00:00:00,9999-12-31 00:00:00
667,DPM_PFS_TPD,PRFRMNG_STTS,false,1999-01-01 00:00:00,9999-12-31 00:00:00
668,DPM_FLW,EBA_FLW,true,1999-01-01 00:00:00,9999-12-31 00:00:00
669,DPM_CPS_CPZ_MCC_MCG_MCY_PUR,EBA_MCC,true,1999-01-01 00:00:00,9999-12-31 00:00:00
670,DPM_CPS_CPZ_MCC_MCG_MCY_PUR,EBA_MCY,true,1999-01-01 00:00:00,9999-12-31 00:00:00
671,DPM_CPS_CPZ_MCC_MCG_MCY_PUR,EBA_CPS,true,1999-01-01 00:00:00,9999-12-31 00:00:00
672,DPM_CPS_CPZ_MCC_MCG_MCY_PUR,EBA_MCG,true,1999-01-01 00:00:00,9999-12-31 00:00:00
673,DPM_CPS_CPZ_MCC_MCG_MCY_PUR,EBA_PUR,true,1999-01-01 00:00:00,9999-12-31 00:00:00
674,DPM_CPS_CPZ_MCC_MCG_MCY_PUR,EBA_CPZ,true,1999-01-01 00:00:00,9999-12-31 00:00:00
675,DPM_CPS_CPZ_MCC_MCG_MCY_PUR,TYP_INSTRMNT,false,1999-01-01 00:00:00,9999-12-31 00:00:00
676,DPM_CPS_CPZ_MCC_MCG_MCY_PUR,NGTBL_SCRTY_INDCTR,false,1999-01-01 00:00:00,9999-12-31 00:00:00
677,DPM_CPS_CPZ_MCC_MCG_MCY_PUR,INSTTTNL_SCTR,false,1999-01-01 00:00:00,9999-12-31 00:00:00
678,DPM_CPS_CPZ_MCC_MCG_MCY_PUR,MLTLTRL_DVLPMNT_BNK_INDCTR,false,1999-01-01 00:00:00,9999-12-31 00:00:00
679,DPM_CPS_CPZ_MCC_MCG_MCY_PUR,PRTY_RL_TYP,false,1999-01-01 00:00:00,9999-12-31 00:00:00
680,DPM_CPS_CPZ_MCC_MCG_MCY_PUR,MN_DBTR_INDCTR,false,1999-01-01 00:00:00,9999-12-31 00:00:00
681,DPM_CPS_CPZ_MCC_MCG_MCY_PUR,ENTRPRS_SZ,false,1999-01-01 00:00:00,9999-12-31 00:00:00
682,DPM_CPS_CPZ_MCC_MCG_MCY_PUR,PRPS,false,1999-01-01 00:00:00,9999-12-31 00:00:00
683,DPM_BAS_MCP_MCY,EBA_BAS,true,1999-01-01 00:00:00,9999-12-31 00:00:00
684,DPM_BAS_MCP_MCY,EBA_MCY,true,1999-01-01 00:00:00,9999-12-31 00:00:00
685,DPM_BAS_MCP_MCY,EBA_MCP,true,1999-01-01 00:00:00,9999-12-31 00:00:00
686,DPM_BAS_MCP_MCY,TYP_ACCNTNG_ITM,false,1999-01-01 00:00:00,9999-12-31 00:00:00
687,DPM_BAS_MCP_MCY,TYP_INSTRMNT,false,1999-01-01 00:00:00,9999-12-31 00:00:00
688,DPM_BAS_MCP_MCY,NGTBL_SCRTY_INDCTR,false,1999-01-01 00:00:00,9999-12-31 00:00:00
689,DPM_BAS_MDC_MCP_MCY_RPR,EBA_BAS,true,1999-01-01 00:00:00,9999-12-31 00:00:00
690,DPM_BAS_MDC_MCP_MCY_RPR,EBA_MCY,true,1999-01-01 00:00:00,9999-12-31 00:00:00
691,DPM_BAS_MDC_MCP_MCY_RPR,EBA_MCP,true,1999-01-01 00:00:00,9999-12-31 00:00:00
692,DPM_BAS_MDC_MCP_MCY_RPR,EBA_MCD,true,1999-01-01 00:00:00,9999-12-31 00:00:00
693,DPM_BAS_MDC_MCP_MCY_RPR,EBA_RPR,true,1999-01-01 00:00:00,9999-12-31 00:00:00
694,DPM_BAS_MDC_MCP_MCY_RPR,TYP_ACCNTNG_ITM,false,1999-01-01 00:00:00,9999-12-31 00:00:00
695,DPM_BAS_MDC_MCP_MCY_RPR,TYP_INSTRMNT,false,1999-01-01 00:00:00,9999-12-31 00:00:00
696,DPM_BAS_MDC_MCP_MCY_RPR,NGTBL_SCRTY_INDCTR,false,1999-01-01 00:00:00,9999-12-31 00:00:00
697,DPM_TRI,EBA_TRI,true,1999-01-01 00:00:00,9999-12-31 00:00:00
698,DPM_TRI,TYP_RSK,false,1999-01-01 00:00:00,9999-12-31 00:00:00
699,DPM_LEC_1,EBA_LEC,true,1999-01-01 00:00:00,9999-12-31 00:00:00
700,DPM_MCI,EBA_MCI,true,1999-01-01 00:00:00,9999-12-31 00:00:00
701,DPM_TMA,EBA_TMA,true,1999-01-01 00:00:00,9999-12-31 00:00:00
702,DPM_CPS_MCY,EBA_MCY,true,1999-01-01 00:00:00,9999-12-31 00:00:00
703,DPM_CPS_MCY,EBA_CPS,true,1999-01-01 00:00:00,9999-12-31 00:00:00
704,DPM_CPS_MCY,INSTTTNL_SCTR,false,1999-01-01 00:00:00,9999-12-31 00:00:00
705,DPM_CPS_MCY,MLTLTRL_DVLPMNT_BNK_INDCTR,false,1999-01-01 00:00:00,9999-12-31 00:00:00
706,DPM_CPS_MCY,PRTY_RL_TYP,false,1999-01-01 00:00:00,9999-12-31 00:00:00
707,DPM_CPS_MCY,MN_DBTR_INDCTR,false,1999-01-01 00:00:00,9999-12-31 00:00:00
708,DPM_CPS_MCY,TYP_INSTRMNT,false,1999-01-01 00:00:00,9999-12-31 00:00:00
709,DPM_CPS_MCY,NGTBL_SCRTY_INDCTR,false,1999-01-01 00:00:00,9999-12-31 00:00:00
710,DPM_TYH,EBA_TYH,true,1999-01-01 00:00:00,9999-12-31 00:00:00
711,DPM_TYH,TYP_HDG,false,1999-01-01 00:00:00,9999-12-31 00:00:00
712,DPM_BAS_CNO_MCB_MCY_APL,EBA_MCY,true,1999-01-01 00:00:00,9999-12-31 00:00:00
713,DPM_BAS_CNO_MCB_MCY_APL,EBA_MCB,true,1999-01-01 00:00:00,9999-12-31 00:00:00
714,DPM_BAS_CNO_MCB_MCY_APL,EBA_APL,true,1999-01-01 00:00:00,9999-12-31 00:00:00
715,DPM_BAS_CNO_MCB_MCY_APL,EBA_BAS,true,1999-01-01 00:00:00,9999-12-31 00:00:00
716,DPM_BAS_CNO_MCB_MCY_APL,EBA_CNO,true,1999-01-01 00:00:00,9999-12-31 00:00:00
717,DPM_BAS_CNO_MCB_MCY_APL,ACCNTNG_CLSSFCTN,false,1999-01-01 00:00:00,9999-12-31 00:00:00
718,DPM_BAS_CNO_MCB_MCY_APL,TYP_INSTRMNT,false,1999-01-01 00:00:00,9999-12-31 00:00:00
719,DPM_BAS_CNO_MCB_MCY_APL,NGTBL_SCRTY_INDCTR,false,1999-01-01 00:00:00,9999-12-31 00:00:00
720,DPM_BAS_CNO_MCB_MCY_APL,HLD_SL_INDCTR,false,1999-01-01 00:00:00,9999-12-31 00:00:00
721,DPM_BAS_CNO_MCB_MCY_APL,TYP_ACCNTNG_ITM,false,1999-01-01 00:00:00,9999-12-31 00:00:00
722,DPM_SCO,EBA_SCO,true,1999-01-01 00:00:00,9999-12-31 00:00:00
723,DPM_SOL,EBA_SOL,true,1999-01-01 00:00:00,9999-12-31 00:00:00
724,DPM_SOL,SBJCT_OPRTNG_LS_INDCTR,false,1999-01-01 00:00:00,9999-12-31 00:00:00
725,DPM_MCE_APL_PLD,EBA_MCE,true,1999-01-01 00:00:00,9999-12-31 00:00:00
726,DPM_MCE_APL_PLD,EBA_APL,true,1999-01-01 00:00:00,9999-12-31 00:00:00
727,DPM_MCE_APL_PLD,EBA_PLD,true,1999-01-01 00:00:00,9999-12-31 00:00:00
728,DPM_MCE_APL_PLD,FVO_DSGNTN,false,1999-01-01 00:00:00,9999-12-31 00:00:00
729,DPM_MCE_APL_PLD,ACCNTNG_CLSSFCTN,false,1999-01-01 00:00:00,9999-12-31 00:00:00
730,DPM_MCE_APL_PLD,HLD_SL_INDCTR,false,1999-01-01 00:00:00,9999-12-31 00:00:00
731,DPM_MCE_APL_PLD,NGTBL_SCRTY_INDCTR,false,1999-01-01 00:00:00,9999-12-31 00:00:00
732,DPM_MCE_APL_PLD,SBJCT_IMPRMNT_INDCTR,false,1999-01-01 00:00:00,9999-12-31 00:00:00
733,DPM_ATY_FINREP,EBA_ATY,true,1999-01-01 00:00:00,9999-12-31 00:00:00
734,DPM_BAS_EXC_MCY_AE_F32.04.b,TYP_INSTRMNT_RL,false,1999-01-01 00:00:00,9999-12-31 00:00:00
735,DPM_BAS_EXC_MCY_AE_F32.04.b,CLLTRL_RS_INDCTR,false,1999-01-01 00:00:00,9999-12-31 00:00:00
736,DPM_BAS_EXC_MCY_AE_F32.04.b,CLLTRL_INSTRMNT_RS_INDCTR,false,1999-01-01 00:00:00,9999-12-31 00:00:00
737,DPM_LQC_AE_F36.02.c,EBA_LQC,true,1999-01-01 00:00:00,9999-12-31 00:00:00
738,DPM_LQC_AE_F36.02.c,ELGBL_CNTRL_BNK_FNDNG,false,1999-01-01 00:00:00,9999-12-31 00:00:00
739,DPM_LQC_AE_F32.02.a,EBA_LQC,true,1999-01-01 00:00:00,9999-12-31 00:00:00
740,DPM_LQC_AE_F32.02.a,ELGBL_CNTRL_BNK_FNDNG,false,1999-01-01 00:00:00,9999-12-31 00:00:00
741,DPM_LQC_AE_F32.02.a,HQLA_INDCTR,false,1999-01-01 00:00:00,9999-12-31 00:00:00
742,DPM_BAS_CPE_CPS_MCS_MCY_AE_F32.04.a,EBA_BAS,true,1999-01-01 00:00:00,9999-12-31 00:00:00
743,DPM_BAS_CPE_CPS_MCS_MCY_AE_F32.04.a,EBA_MCY,true,1999-01-01 00:00:00,9999-12-31 00:00:00
744,DPM_BAS_CPE_CPS_MCS_MCY_AE_F32.04.a,EBA_MCS,true,1999-01-01 00:00:00,9999-12-31 00:00:00
745,DPM_BAS_CPE_CPS_MCS_MCY_AE_F32.04.a,EBA_CPE,true,1999-01-01 00:00:00,9999-12-31 00:00:00
746,DPM_BAS_CPE_CPS_MCS_MCY_AE_F32.04.a,EBA_CPS,true,1999-01-01 00:00:00,9999-12-31 00:00:00
747,DPM_BAS_CPE_CPS_MCS_MCY_AE_F32.04.a,INSTTTNL_SCTR,false,1999-01-01 00:00:00,9999-12-31 00:00:00
748,DPM_BAS_CPE_CPS_MCS_MCY_AE_F32.04.a,PRTY_RL_TYP,false,1999-01-01 00:00:00,9999-12-31 00:00:00
749,DPM_BAS_CPE_CPS_MCS_MCY_AE_F32.04.a,TYP_ACCNTNG_ITM,false,1999-01-01 00:00:00,9999-12-31 00:00:00
750,DPM_BAS_CPE_CPS_MCS_MCY_AE_F32.04.a,TYP_INSTRMNT,false,1999-01-01 00:00:00,9999-12-31 00:00:00
751,DPM_BAS_CPE_CPS_MCS_MCY_AE_F32.04.a,NGTBL_SCRTY_INDCTR,false,1999-01-01 00:00:00,9999-12-31 00:00:00
752,DPM_TMA_AE_F32.04a,EBA_TMA,true,1999-01-01 00:00:00,9999-12-31 00:00:00
753,DPM_CPC_ECC_MCG_AE_F36.01.b,EBA_MCG,true,1999-01-01 00:00:00,9999-12-31 00:00:00
754,DPM_CPC_ECC_MCG_AE_F36.01.b,EBA_ECC,true,1999-01-01 00:00:00,9999-12-31 00:00:00
755,DPM_CPC_ECC_MCG_AE_F36.01.b,EBA_CPC,true,1999-01-01 00:00:00,9999-12-31 00:00:00
756,DPM_CPC_ECC_MCG_AE_F36.01.b,MLTLTRL_DVLPMNT_BNK_INDCTR,false,1999-01-01 00:00:00,9999-12-31 00:00:00
757,DPM_RPR_AE_F36,EBA_RPR,true,1999-01-01 00:00:00,9999-12-31 00:00:00
758,DPM_SCC_AE,EBA_SCC,true,1999-01-01 00:00:00,9999-12-31 00:00:00
759,DPM_CPC_ECC_MCG_AE_F36.02.b,EBA_MCG,true,1999-01-01 00:00:00,9999-12-31 00:00:00
760,DPM_CPC_ECC_MCG_AE_F36.02.b,EBA_ECC,true,1999-01-01 00:00:00,9999-12-31 00:00:00
761,DPM_CPC_ECC_MCG_AE_F36.02.b,EBA_CPC,true,1999-01-01 00:00:00,9999-12-31 00:00:00
762,DPM_CPC_ECC_MCG_AE_F36.02.b,MLTLTRL_DVLPMNT_BNK_INDCTR,false,1999-01-01 00:00:00,9999-12-31 00:00:00
763,DPM_CPC_ECC_MCG_AE_F36.02.b,TYP_INSTRMNT_RL,false,1999-01-01 00:00:00,9999-12-31 00:00:00
764,DPM_REF_RES_AE_F35.00.a,EBA_REF,true,1999-01-01 00:00:00,9999-12-31 00:00:00
765,DPM_REF_RES_AE_F35.00.a,EBA_RES,true,1999-01-01 00:00:00,9999-12-31 00:00:00
766,DPM_BAS_MCY_SST_AE_F32.03.b,EBA_BAS,true,1999-01-01 00:00:00,9999-12-31 00:00:00
767,DPM_BAS_MCY_SST_AE_F32.03.b,EBA_MCY,true,1999-01-01 00:00:00,9999-12-31 00:00:00
768,DPM_BAS_MCY_SST_AE_F32.03.b,EBA_SST,true,1999-01-01 00:00:00,9999-12-31 00:00:00
769,DPM_BAS_MCY_SST_AE_F32.03.b,TYP_INSTRMNT,false,1999-01-01 00:00:00,9999-12-31 00:00:00
770,DPM_BAS_MCY_SST_AE_F32.03.b,NGTBL_SCRTY_INDCTR,false,1999-01-01 00:00:00,9999-12-31 00:00:00
771,DPM_BAS_MCY_SST_AE_F32.03.b,SCRTY_RNK_LVL,false,1999-01-01 00:00:00,9999-12-31 00:00:00
772,DPM_ENC_AE_F32.02.a,EBA_ENC,true,1999-01-01 00:00:00,9999-12-31 00:00:00
773,DPM_ENC_AE_F32.02.a,ENCMBRD_ASST_INDCTR,false,1999-01-01 00:00:00,9999-12-31 00:00:00
774,DPM_LQA_AE_F32.03.b,EBA_LQA,true,1999-01-01 00:00:00,9999-12-31 00:00:00
775,DPM_LQA_AE_F32.03.b,ELGBL_CNTRL_BNK_FNDNG,false,1999-01-01 00:00:00,9999-12-31 00:00:00
776,DPM_LQA_AE_F32.03.b,HQLA_INDCTR,false,1999-01-01 00:00:00,9999-12-31 00:00:00
777,DPM_BAS_CPS_EXC_MCY_AE_F36.01.a,EBA_BAS,true,1999-01-01 00:00:00,9999-12-31 00:00:00
778,DPM_BAS_CPS_EXC_MCY_AE_F36.01.a,EBA_CPS,true,1999-01-01 00:00:00,9999-12-31 00:00:00
779,DPM_BAS_CPS_EXC_MCY_AE_F36.01.a,EBA_EXC,true,1999-01-01 00:00:00,9999-12-31 00:00:00
780,DPM_BAS_CPS_EXC_MCY_AE_F36.01.a,EBA_MCY,true,1999-01-01 00:00:00,9999-12-31 00:00:00
781,DPM_BAS_CPS_EXC_MCY_AE_F36.01.a,INSTTTNL_SCTR,false,1999-01-01 00:00:00,9999-12-31 00:00:00
782,DPM_BAS_CPS_EXC_MCY_AE_F36.01.a,MLTLTRL_DVLPMNT_BNK_INDCTR,false,1999-01-01 00:00:00,9999-12-31 00:00:00
783,DPM_BAS_CPS_EXC_MCY_AE_F36.01.a,PRTY_RL_TYP,false,1999-01-01 00:00:00,9999-12-31 00:00:00
784,DPM_BAS_CPS_EXC_MCY_AE_F36.01.a,MN_DBTR_INDCTR,false,1999-01-01 00:00:00,9999-12-31 00:00:00
785,DPM_BAS_CPS_EXC_MCY_AE_F36.01.a,TYP_INSTRMNT,false,1999-01-01 00:00:00,9999-12-31 00:00:00
786,DPM_BAS_CPS_EXC_MCY_AE_F36.01.a,NGTBL_SCRTY_INDCTR,false,1999-01-01 00:00:00,9999-12-31 00:00:00
787,DPM_BAS_CPS_EXC_MCY_AE_F36.01.a,RPYMNT_RGHTS,false,1999-01-01 00:00:00,9999-12-31 00:00:00
788,DPM_MCG_AE,EBA_MCG,true,1999-01-01 00:00:00,9999-12-31 00:00:00
789,DPM_LQA_AE_F36.01.c,EBA_LQA,true,1999-01-01 00:00:00,9999-12-31 00:00:00
790,DPM_LQA_AE_F36.01.c,ELGBL_CNTRL_BNK_FNDNG,false,1999-01-01 00:00:00,9999-12-31 00:00:00
791,DPM_CRA_AE,EBA_CRA,true,1999-01-01 00:00:00,9999-12-31 00:00:00
792,DPM_BAS_CRA_AE_F35.00.c,EBA_BAS,true,1999-01-01 00:00:00,9999-12-31 00:00:00
793,DPM_BAS_CRA_AE_F35.00.c,EBA_CRA,true,1999-01-01 00:00:00,9999-12-31 00:00:00
794,DPM_ei207,EBA_ei207,true,1999-01-01 00:00:00,9999-12-31 00:00:00
795,DPM_BAS_CPS_EXC_MCG_MCY_AE_F32.01,EBA_BAS,true,1999-01-01 00:00:00,9999-12-31 00:00:00
796,DPM_BAS_CPS_EXC_MCG_MCY_AE_F32.01,EBA_EXC,true,1999-01-01 00:00:00,9999-12-31 00:00:00
797,DPM_ATY_AE,EBA_ATY,true,1999-01-01 00:00:00,9999-12-31 00:00:00
798,DPM_mi53,EBA_mi53,true,1999-01-01 00:00:00,9999-12-31 00:00:00
799,DPM_mi53,CRRYNG_AMNT,false,1999-01-01 00:00:00,9999-12-31 00:00:00
800,DPM_mi129,FV,false,1999-01-01 00:00:00,9999-12-31 00:00:00
801,DPM_mi287,EBA_mi287,true,1999-01-01 00:00:00,9999-12-31 00:00:00
802,DPM_mi287,NMNL_AMNT,false,1999-01-01 00:00:00,9999-12-31 00:00:00
803,DPM_mi279,EBA_mi279,true,1999-01-01 00:00:00,9999-12-31 00:00:00
804,DPM_mi296,EBA_mi296,true,1999-01-01 00:00:00,9999-12-31 00:00:00
805,DPM_mi296,PRSNT_VL,false,1999-01-01 00:00:00,9999-12-31 00:00:00
806,DPM_si292,EBA_mi292,true,1999-01-01 00:00:00,9999-12-31 00:00:00
807,DPM_si292,EXCSS_CVRG_ASST_SPCFC_VL,false,1999-01-01 00:00:00,9999-12-31 00:00:00
808,DPM_si295,EBA_mi295,true,1999-01-01 00:00:00,9999-12-31 00:00:00
809,DPM_si297,EBA_mi297,true,1999-01-01 00:00:00,9999-12-31 00:00:00
810,DPM_ei4,EBA_ei4,true,1999-01-01 00:00:00,9999-12-31 00:00:00
811,DPM_BAS_CPS_EXC_MCG_MCY_AE_F32.01,EBA_MCG,true,1999-01-01 00:00:00,9999-12-31 00:00:00
812,DPM_BAS_CPS_EXC_MCG_MCY_AE_F32.01,EBA_MCY,true,1999-01-01 00:00:00,9999-12-31 00:00:00
813,DPM_RPR_AE,EBA_RPR,true,1999-01-01 00:00:00,9999-12-31 00:00:00
814,DPM_RiadCode,EBA_Riad_Code,true,1999-01-01 00:00:00,9999-12-31 00:00:00
815,DPM_Period,EBA_Reported_Period,true,1999-01-01 00:00:00,9999-12-31 00:00:00
816,DPM_Period,DT_RFRNC,false,1999-01-01 00:00:00,9999-12-31 00:00:00
817,DPM_BAS_CPS_EXC_MCG_MCY_AE_F32.01,EBA_CPS,true,1999-01-01 00:00:00,9999-12-31 00:00:00
818,DPM_BAS_CPS_EXC_MCG_MCY_AE_F32.01,INSTTTNL_SCTR,false,1999-01-01 00:00:00,9999-12-31 00:00:00
819,DPM_BAS_CPS_EXC_MCG_MCY_AE_F32.01,MLTLTRL_DVLPMNT_BNK_INDCTR,false,1999-01-01 00:00:00,9999-12-31 00:00:00
820,DPM_BAS_CPS_EXC_MCG_MCY_AE_F32.01,PRTY_RL_TYP,false,1999-01-01 00:00:00,9999-12-31 00:00:00
821,DPM_BAS_CPS_EXC_MCG_MCY_AE_F32.01,MN_DBTR_INDCTR,false,1999-01-01 00:00:00,9999-12-31 00:00:00
822,DPM_BAS_CPS_EXC_MCG_MCY_AE_F32.01,TYP_INSTRMNT,false,1999-01-01 00:00:00,9999-12-31 00:00:00
823,DPM_BAS_CPS_EXC_MCG_MCY_AE_F32.01,NGTBL_SCRTY_INDCTR,false,1999-01-01 00:00:00,9999-12-31 00:00:00
824,DPM_BAS_CPS_EXC_MCG_MCY_AE_F32.01,RPYMNT_RGHTS,false,1999-01-01 00:00:00,9999-12-31 00:00:00
825,DPM_BAS_CPS_EXC_MCG_MCY_AE_F32.01,FDCRY,false,1999-01-01 00:00:00,9999-12-31 00:00:00
826,DPM_ENC_LQA_AE_F32.01,EBA_ENC,true,1999-01-01 00:00:00,9999-12-31 00:00:00
827,DPM_ENC_LQA_AE_F32.01,EBA_LQA,true,1999-01-01 00:00:00,9999-12-31 00:00:00
828,DPM_ENC_LQA_AE_F32.01,ENCMBRD_ASST_INDCTR,false,1999-01-01 00:00:00,9999-12-31 00:00:00
829,DPM_ENC_LQA_AE_F32.01,ELGBL_CNTRL_BNK_FNDNG,false,1999-01-01 00:00:00,9999-12-31 00:00:00
830,DPM_ENC_LQA_AE_F32.01,HQLA_INDCTR,false,1999-01-01 00:00:00,9999-12-31 00:00:00
831,DPM_BAS_MCG_MCY_AE_F33.00.a,EBA_BAS,true,1999-01-01 00:00:00,9999-12-31 00:00:00
832,DPM_BAS_MCG_MCY_AE_F33.00.a,EBA_MCY,true,1999-01-01 00:00:00,9999-12-31 00:00:00
833,DPM_BAS_MCG_MCY_AE_F33.00.a,EBA_MCG,true,1999-01-01 00:00:00,9999-12-31 00:00:00
834,DPM_BAS_MCG_MCY_AE_F33.00.a,CLLTRL_RS_INDCTR,false,1999-01-01 00:00:00,9999-12-31 00:00:00
835,DPM_BAS_MCG_MCY_AE_F33.00.a,CLLTRL_INSTRMNT_RS_INDCTR,false,1999-01-01 00:00:00,9999-12-31 00:00:00
836,DPM_ENC_AE,EBA_ENC,true,1999-01-01 00:00:00,9999-12-31 00:00:00
837,DPM_ENC_AE,ENCMBRD_ASST_INDCTR,false,1999-01-01 00:00:00,9999-12-31 00:00:00
838,DPM_EUT_AE,EBA_EUT,true,1999-01-01 00:00:00,9999-12-31 00:00:00
839,DPM_EUT_AE,ASST_ENCMBRNC_RSDL_MTRTY_BND,false,1999-01-01 00:00:00,9999-12-31 00:00:00
840,DPM_BAS_CPC_ECC_EXC_MCG_MCY_AE_F32.02.a,EBA_BAS,true,1999-01-01 00:00:00,9999-12-31 00:00:00
841,DPM_BAS_CPC_ECC_EXC_MCG_MCY_AE_F32.02.a,EBA_ECC,true,1999-01-01 00:00:00,9999-12-31 00:00:00
842,DPM_BAS_CPC_ECC_EXC_MCG_MCY_AE_F32.02.a,EBA_EXC,true,1999-01-01 00:00:00,9999-12-31 00:00:00
843,DPM_BAS_CPC_ECC_EXC_MCG_MCY_AE_F32.02.a,EBA_MCG,true,1999-01-01 00:00:00,9999-12-31 00:00:00
844,DPM_BAS_CPC_ECC_EXC_MCG_MCY_AE_F32.02.a,EBA_MCY,true,1999-01-01 00:00:00,9999-12-31 00:00:00
845,DPM_BAS_CPC_ECC_EXC_MCG_MCY_AE_F32.02.a,EBA_CPC,true,1999-01-01 00:00:00,9999-12-31 00:00:00
846,DPM_BAS_CPC_ECC_EXC_MCG_MCY_AE_F32.02.a,INSTTTNL_SCTR,false,1999-01-01 00:00:00,9999-12-31 00:00:00
847,DPM_BAS_CPC_ECC_EXC_MCG_MCY_AE_F32.02.a,MLTLTRL_DVLPMNT_BNK_INDCTR,false,1999-01-01 00:00:00,9999-12-31 00:00:00
848,DPM_BAS_CPC_ECC_EXC_MCG_MCY_AE_F32.02.a,PRTY_RL_TYP,false,1999-01-01 00:00:00,9999-12-31 00:00:00
849,DPM_BAS_CPC_ECC_EXC_MCG_MCY_AE_F32.02.a,MN_DBTR_INDCTR,false,1999-01-01 00:00:00,9999-12-31 00:00:00
850,DPM_BAS_CPC_ECC_EXC_MCG_MCY_AE_F32.02.a,TYP_INSTRMNT,false,1999-01-01 00:00:00,9999-12-31 00:00:00
851,DPM_BAS_CPC_ECC_EXC_MCG_MCY_AE_F32.02.a,NGTBL_SCRTY_INDCTR,false,1999-01-01 00:00:00,9999-12-31 00:00:00
852,DPM_BAS_CPC_ECC_EXC_MCG_MCY_AE_F32.02.a,RPYMNT_RGHTS,false,1999-01-01 00:00:00,9999-12-31 00:00:00
853,DPM_BAS_CPC_ECC_EXC_MCG_MCY_AE_F32.02.a,TYP_INSTRMNT_RL,false,1999-01-01 00:00:00,9999-12-31 00:00:00
854,DPM_TMA_AE_F32.04b,EBA_TMA,true,1999-01-01 00:00:00,9999-12-31 00:00:00
855,DPM_CPE_MCS_AE_F32.04.b,EBA_CPE,true,1999-01-01 00:00:00,9999-12-31 00:00:00
856,DPM_CPE_MCS_AE_F32.04.b,EBA_MCS,true,1999-01-01 00:00:00,9999-12-31 00:00:00
857,DPM_CPE_MCS_AE_F32.04.b,SRC_ENCMBRNC,false,1999-01-01 00:00:00,9999-12-31 00:00:00
858,DPM_BAS_MCS_MCY_AE_F35.00.a,EBA_BAS,true,1999-01-01 00:00:00,9999-12-31 00:00:00
859,DPM_BAS_MCS_MCY_AE_F35.00.a,EBA_MCY,true,1999-01-01 00:00:00,9999-12-31 00:00:00
860,DPM_BAS_MCS_MCY_AE_F35.00.a,EBA_MCS,true,1999-01-01 00:00:00,9999-12-31 00:00:00
861,DPM_BAS_MCS_MCY_AE_F35.00.a,TYP_ACCNTNG_ITM,false,1999-01-01 00:00:00,9999-12-31 00:00:00
862,DPM_BAS_MCS_MCY_AE_F35.00.a,TYP_INSTRMNT,false,1999-01-01 00:00:00,9999-12-31 00:00:00
863,DPM_BAS_MCS_MCY_AE_F35.00.a,NGTBL_SCRTY_INDCTR,false,1999-01-01 00:00:00,9999-12-31 00:00:00
864,DPM_BAS_MCS_MCY_AE_F35.00.a,SRC_ENCMBRNC,false,1999-01-01 00:00:00,9999-12-31 00:00:00
865,DPM_BAS_MCY_AE_F32.02.b,EBA_BAS,true,1999-01-01 00:00:00,9999-12-31 00:00:00
866,DPM_BAS_MCY_AE_F32.02.b,EBA_MCY,true,1999-01-01 00:00:00,9999-12-31 00:00:00
867,DPM_BAS_MCY_AE_F32.02.b,TYP_INSTRMNT_RL,false,1999-01-01 00:00:00,9999-12-31 00:00:00
868,DPM_CUS_AE,EBA_CUS,true,1999-01-01 00:00:00,9999-12-31 00:00:00
869,DPM_CSC_AE,EBA_CSC,true,1999-01-01 00:00:00,9999-12-31 00:00:00
870,DPM_BAS_AE_F32.03.a,EBA_BAS,true,1999-01-01 00:00:00,9999-12-31 00:00:00
871,DPM_BAS_AE_F32.03.a,TYP_ACCNTNG_ITM,false,1999-01-01 00:00:00,9999-12-31 00:00:00
872,DPM_MCS_MCY_SST_AE_F32.03.a,EBA_MCY,true,1999-01-01 00:00:00,9999-12-31 00:00:00
873,DPM_MCS_MCY_SST_AE_F32.03.a,EBA_MCS,true,1999-01-01 00:00:00,9999-12-31 00:00:00
874,DPM_MCS_MCY_SST_AE_F32.03.a,EBA_SST,true,1999-01-01 00:00:00,9999-12-31 00:00:00
875,DPM_MCS_MCY_SST_AE_F32.03.a,TYP_INSTRMNT,false,1999-01-01 00:00:00,9999-12-31 00:00:00
876,DPM_MCS_MCY_SST_AE_F32.03.a,NGTBL_SCRTY_INDCTR,false,1999-01-01 00:00:00,9999-12-31 00:00:00
877,DPM_MCS_MCY_SST_AE_F32.03.a,TYP_INSTRMNT_RL,false,1999-01-01 00:00:00,9999-12-31 00:00:00
878,DPM_MCS_MCY_SST_AE_F32.03.a,SRC_ENCMBRNC,false,1999-01-01 00:00:00,9999-12-31 00:00:00
879,DPM_BAS_EXC_MCY_AE_F32.04.b,EBA_BAS,true,1999-01-01 00:00:00,9999-12-31 00:00:00
880,DPM_BAS_EXC_MCY_AE_F32.04.b,EBA_EXC,true,1999-01-01 00:00:00,9999-12-31 00:00:00
881,DPM_BAS_EXC_MCY_AE_F32.04.b,EBA_MCY,true,1999-01-01 00:00:00,9999-12-31 00:00:00
882,DPM_BAS_EXC_MCY_AE_F32.04.b,TYP_INSTRMNT,false,1999-01-01 00:00:00,9999-12-31 00:00:00
883,DPM_BAS_EXC_MCY_AE_F32.04.b,NGTBL_SCRTY_INDCTR,false,1999-01-01 00:00:00,9999-12-31 00:00:00