Domain_ID,Domain_Name,Num_Domain_ID,Synonyms,Logical_Type_ID,Num_Logical_Type_ID,T_Size,T_Precision,T_Scale,Native_Type,LT_Name
C0A2AE91-C73B-4803-B23D-C002CCBDABE6,Accounting classification (Input Layer),1,ACCNTNG_CLSSFCTN_INPT,A3A3C77D-0366-9768-FF89-1C25E56881C8,562,3,,,VARCHAR2,String
B55403CF-E495-4846-B034-10BB6A3F7AE2,Accounting classification applicable to off-balance sheet items,2,OFF_BLNC_SHT_ACCNTNG_CLSSFCTN,A3A3C77D-0366-9768-FF89-1C25E56881C8,562,3,,,VARCHAR2,String
7631EDCB-3034-4948-BBCA-3908FF5794F5,Accounting classification for assets,3,ACCNTNG_CLSSFCTN_ASSTS,A3A3C77D-0366-9768-FF89-1C25E56881C8,562,3,,,VARCHAR2,String
6988530D-D9ED-559E-9AA3-DFE768D03043,Accounting Classification for ET derivatives (Input Layer),4,ACCNTNG_CLSSFCTN_ETD_INPT,A3A3C77D-0366-9768-FF89-1C25E56881C8,562,3,,,VARCHAR2,String
A553F1FA-51FD-48C2-A80A-426CA94AD34E,Accounting classification for liabilities,5,ACCNTNG_CLSSFCTN_LBLTS,A3A3C77D-0366-9768-FF89-1C25E56881C8,562,2,,,VARCHAR2,String
4E61161D-C89A-B12E-25C4-15A579AD919D,Accounting classification for liabilities (Input Layer),6,ACCNTNG_CLSSFCTN_LBLTS_INPT,A3A3C77D-0366-9768-FF89-1C25E56881C8,562,2,,,VARCHAR2,String
88DEBCF8-9F9A-8601-FA1C-0E4B7A1D51DF,Accounting classification type,7,ACCNTNG_CLSSFCTN_TYP,A3A3C77D-0366-9768-FF89-1C25E56881C8,562,3,,,VARCHAR2,String
4CBDE993-B269-D10F-4FD3-13040004B341,Accounting consolidation level,8,ACCNTNG_CNSLDTN_LVL,A3A3C77D-0366-9768-FF89-1C25E56881C8,562,1,,,VARCHAR2,String
50954ADF-8EFF-2970-08FC-618EDB09B7C9,Accounting consolidation level (Input layer),9,ACCNTNG_CNSLDTN_LVL_INPT,A3A3C77D-0366-9768-FF89-1C25E56881C8,562,1,,,VARCHAR2,String
E121E041-B09C-AB9A-70C9-78308EDD10E8,Accounting framework,10,ACCNTNG_FRMWRK,A3A3C77D-0366-9768-FF89-1C25E56881C8,562,1,,,VARCHAR2,String
2F34F4CF-5CD5-E3FD-D747-233B1B39FC14,Accounting framework (Input layer),11,ACCNTNG_FRMWRK_INPT,A3A3C77D-0366-9768-FF89-1C25E56881C8,562,1,,,VARCHAR2,String
67BB8028-D0A7-E1BE-DD13-29EB4D4788D9,Accounting hedge indicator,12,ACCNTNG_HDG_INDCTR,A3A3C77D-0366-9768-FF89-1C25E56881C8,562,1,,,VARCHAR2,String
ce11f94d-a946-4058-b9aa-2ceb6cdfe2bd,Accounting hedge indicator (Input Layer),13,ACCNTNG_HDG_INDCTR_INPT,A3A3C77D-0366-9768-FF89-1C25E56881C8,562,1,,,VARCHAR2,String
6C1310BC-9BCB-EAB6-C7AD-8D72C67626A3,Accrued interests for market values indicator,14,ACCRD_INTRST_MRKT_VL_INDCTR_SHSG4_ISIN_ACCRD_INTRST_MRKT_VL_INDCTR_REF,A3A3C77D-0366-9768-FF89-1C25E56881C8,562,1,,,VARCHAR2,String
1B9F4F1F-B087-C214-F626-97A992FA878D,Address type,15,ADDRSS_TYP,A3A3C77D-0366-9768-FF89-1C25E56881C8,562,1,,,VARCHAR2,String
044FB171-CDCC-A2E2-75CA-EDB2F7F223A2,Advance type,16,ADVNC_TYP,A3A3C77D-0366-9768-FF89-1C25E56881C8,562,3,,,VARCHAR2,String
31D8E4D4-8434-5786-6143-C834F3DE196F,Agriculture land indicator,17,AGRCLTR_LND_INDCTR,A3A3C77D-0366-9768-FF89-1C25E56881C8,562,3,,,VARCHAR2,String
2BB0BC4F-2625-4B6E-BFB9-85C466713314,All possible dates,18,DT_FLL,LOGDT007,509,,,,DATE,Date
a8f7e3d5-41d7-4cd4-9952-7ed53c3fe964,Amortisation type,19,TYP_AMRTSTN,A3A3C77D-0366-9768-FF89-1C25E56881C8,562,1,,,VARCHAR2,String
0805E868-C4A9-426B-B31B-D53B631BB383,Approach for prudential purposes,20,APPRCH_PRDNTL_PRPSS,A3A3C77D-0366-9768-FF89-1C25E56881C8,562,3,,,VARCHAR2,String
F21D7E66-8190-9747-3D5F-8232A93684E2,Area where the entity is located,21,GGRPHCL_ARS_SHSG4_ENTITY_1_CNTRY_REF,A3A3C77D-0366-9768-FF89-1C25E56881C8,562,5,,,VARCHAR2,String
69C06194-004C-4FE7-BDF3-389D48924716,Assessment approach for credit quality status - full domain,22,APPRCH_CRDT_QLTY_STTS,A3A3C77D-0366-9768-FF89-1C25E56881C8,562,1,,,VARCHAR2,String
760D4A10-7EAF-40F3-93F6-1596CE29B357,Asset encumbrance source indicator,23,ASST_ENCMBRNC_SRC_INDCTR,A3A3C77D-0366-9768-FF89-1C25E56881C8,562,1,,,VARCHAR2,String
93F873CF-8803-7E74-36E0-38E16414AE32,Asset encumbrance source indicator (Input layer),24,ASST_ENCMBRNC_SRC_INDCTR_INPT,A3A3C77D-0366-9768-FF89-1C25E56881C8,562,1,,,VARCHAR2,String
74F9D2DC-4D52-4270-111B-7D67212176E7,Asset pool (subject to securitisation and other credit transfer) type,25,ASST_PL_TYP,A3A3C77D-0366-9768-FF89-1C25E56881C8,562,1,,,VARCHAR2,String
76954403-E05D-4C9F-AB27-85F834E8F705,Asset pool Instrument assignment type,26,ASST_PL_INSTRMNT_ASSGNMNT_TYP,A3A3C77D-0366-9768-FF89-1C25E56881C8,562,1,,,VARCHAR2,String
D7FABC87-C4A4-4163-B3EF-9417E41D6660,Available for encumbrance indicator,27,AVLBL_ENCMBRNC_INDCTR,A3A3C77D-0366-9768-FF89-1C25E56881C8,562,1,,,VARCHAR2,String
79951401-48AD-0B79-E4AE-2FCEBF4531DA,Available for encumbrance indicator (Input layer),28,AVLBL_ENCMBRNC_INDCTR_INPT,A3A3C77D-0366-9768-FF89-1C25E56881C8,562,1,,,VARCHAR2,String
A94315AA-F79B-486D-861E-476EAB318238,Balance sheet recognised exchange tradable derivative asset position by accounting standard,29,BLNC_SHT_RCGNSD_EXCHNG_TRDBL_DRVTV_ASST_PSTN_BY_ACCNTNG_STNDRD,A3A3C77D-0366-9768-FF89-1C25E56881C8,562,2,,,VARCHAR2,String
28C63FCD-EC5D-A12C-540D-11B7B5292390,Balance sheet recognised exchange tradable derivative asset position by accounting standard (Input layer),30,BLNC_SHT_RCGNSD_EXCHNG_TRDBL_DRVTV_ASST_PSTN_BY_ACCNTNG_STNDRD_INPT,A3A3C77D-0366-9768-FF89-1C25E56881C8,562,2,,,VARCHAR2,String
8E9867D1-C2B2-FF1A-61C9-171225D710C7,Balance sheet recognised exchange tradable derivative asset position type,31,BLNC_SHT_RCGNSD_ETD_ASST_PSTN_TYP,A3A3C77D-0366-9768-FF89-1C25E56881C8,562,2,,,VARCHAR2,String
C69D6FBD-7F68-0CAE-BF31-005A90E86945,Balance sheet recognised exchange tradable derivative liability position type,32,BLNC_SHT_RCGNSD_EXCHNG_TRDBL_DRVTV_LBLTY_PSTN_TYP,A3A3C77D-0366-9768-FF89-1C25E56881C8,562,1,,,VARCHAR2,String
4C9098A1-6B07-02A5-830B-F4311D919A73,Balance sheet recognised financial asset instrument by fair value type,33,BLNC_SHT_RCGNSD_FNNCL_ASST_INSTRMNT_FR_VL_TYP,A3A3C77D-0366-9768-FF89-1C25E56881C8,562,2,,,VARCHAR2,String
f8c1b444-c462-4a7b-b44a-3464aab16964,Balance sheet recognised financial asset instrument type,34,BLNC_SHT_RCGNSD_FNNCL_ASST_INSTRMNT_TYP,A3A3C77D-0366-9768-FF89-1C25E56881C8,562,2,,,VARCHAR2,String
C79FDF0C-9DC6-39C4-D668-6D7982053D1B,Balance sheet recognised financial asset instrument type by fair value (Input Layer),35,BLNC_SHT_RCGNSD_FFNCL_ASST_INSTRMNT_FR_VL_TYP_INPT,A3A3C77D-0366-9768-FF89-1C25E56881C8,562,2,,,VARCHAR2,String
BDAA888E-8EE3-C165-FF8A-00F1C56BB1AE,Balance sheet recognised financial liability instrument accounting standard,36,,A3A3C77D-0366-9768-FF89-1C25E56881C8,562,1,,,VARCHAR2,String
73604eb0-9f1e-4e2c-99a9-8b71faecd49d,Balance sheet recognised financial liability instrument type,37,BLNC_SHT_RCGNSD_FNNCL_LBLTY_INSTRMNT_TYP,A3A3C77D-0366-9768-FF89-1C25E56881C8,562,2,,,VARCHAR2,String
18433f9f-18be-4c20-97d4-e4c5c0e6cba6,Balance sheet recognition of the financial asset,38,BLNC_SHT_RCGNTN_FNNCL_ASST,A3A3C77D-0366-9768-FF89-1C25E56881C8,562,1,,,VARCHAR2,String
763B1D60-A6B0-0971-FA3A-0367F4BFF222,Balance sheet recognition of the financial asset (Input Layer),39,BLNC_SHT_RCGNTN_FNNCL_ASST_INPT,A3A3C77D-0366-9768-FF89-1C25E56881C8,562,1,,,VARCHAR2,String
FE22E845-CECE-46F5-4456-8A4DC294ABF6,Cash leg direction indicator,40,CSH_LG_DRCTN_INDCTR,A3A3C77D-0366-9768-FF89-1C25E56881C8,562,1,,,VARCHAR2,String
80F2B704-DF51-DB78-B30A-91068E702021,Central bank type,41,CNTRL_BNK_TYP,A3A3C77D-0366-9768-FF89-1C25E56881C8,562,2,,,VARCHAR2,String
509D2314-8082-4064-93D0-A6CAAF6491F1,Collateral instrument reuse indicator,42,CLLTRL_INSTRMNT_RS_INDCTR,A3A3C77D-0366-9768-FF89-1C25E56881C8,562,1,,,VARCHAR2,String
C383E5AE-7ECA-BA9F-8549-05C5C9003117,Collateral instrument reuse indicator (Input layer),43,CLLTRL_INSTRMNT_RS_INDCTR_INPT,A3A3C77D-0366-9768-FF89-1C25E56881C8,562,1,,,VARCHAR2,String
5934E595-72E7-40B6-986B-C26B6E4E45B9,Collateral Non-financial asset assignment type,44,CLLTRL_NN_FNNCL_ASST_ASSGNMNT_TYP,A3A3C77D-0366-9768-FF89-1C25E56881C8,562,1,,,VARCHAR2,String
05260E35-2715-DD5D-6FAA-2D287DD28A9B,Collateral received instrument type,45,CLLTRL_RCVD_INSTRMNT_TYP,A3A3C77D-0366-9768-FF89-1C25E56881C8,562,2,,,VARCHAR2,String
BDCC7E23-1D7C-4115-BEAB-06446F9C297C,Collateral reuse indicator,46,CLLTRL_RS_INDCTR,A3A3C77D-0366-9768-FF89-1C25E56881C8,562,1,,,VARCHAR2,String
74C00028-7B8A-2531-5165-74E85F3C375F,Collateral reuse indicator (Input layer),47,CLLTRL_RS_INDCTR_INPT,A3A3C77D-0366-9768-FF89-1C25E56881C8,562,1,,,VARCHAR2,String
A13B4F0B-A165-43F0-8FFC-52E999DE5A44,Collateral role type,48,CLLTRL_RL_TYP,A3A3C77D-0366-9768-FF89-1C25E56881C8,562,1,,,VARCHAR2,String
BAFAD612-C62B-4DA6-BF0C-6212B73F7926,Collateral role type (Input layer),49,CLLTRL_RL_TYP_INPT,A3A3C77D-0366-9768-FF89-1C25E56881C8,562,1,,,VARCHAR2,String
B37BC93A-07AD-028E-B847-602681672BE8,Collateral type,50,CLLTRL_TYP,A3A3C77D-0366-9768-FF89-1C25E56881C8,562,3,,,VARCHAR2,String
30ECDA74-951A-1D37-99DC-3F955DA9AA98,Collateral type (Input Layer),51,TYP_CLLTRL_INPT,A3A3C77D-0366-9768-FF89-1C25E56881C8,562,3,,,VARCHAR2,String
F46DBD3B-725C-9AA6-6E4E-AF42ABEDD9C2,Commercial real estate and offices and commercial premises collateral type,52,CMMRCL_RL_ESTT_OFFC_CMMRCL_PRMS_CLLTRL_TYP,A3A3C77D-0366-9768-FF89-1C25E56881C8,562,2,,,VARCHAR2,String
29DE22BE-049A-8E06-7604-618C67DD23ED,Commercial real estate loan indicator,53,CMMRCL_RL_ESTT_LN_INDCTR,A3A3C77D-0366-9768-FF89-1C25E56881C8,562,1,,,VARCHAR2,String
4d4bad55-f6ee-41de-ac56-294292a323de,Commodity collateral type,54,CMMDTY_CLLTRL_TYP,A3A3C77D-0366-9768-FF89-1C25E56881C8,562,2,,,VARCHAR2,String
E17A381B-AB51-2595-1586-E855CB6B4068,Commodity type (Input Layer),55,CMMDTY_TYP_INPT,A3A3C77D-0366-9768-FF89-1C25E56881C8,562,2,,,VARCHAR2,String
F72E4F1A-CE19-323F-D20F-79FE54F4BECE,Commodity type for FRTB,56,CMMDTY_TYP_FRTB,A3A3C77D-0366-9768-FF89-1C25E56881C8,562,2,,,VARCHAR2,String
F01DF8A4-BE55-44E6-B2D5-A8F7AE66392E,Compliance with article 129 CRR type,57,,A3A3C77D-0366-9768-FF89-1C25E56881C8,562,1,,,VARCHAR2,String
1b28a0e8-5f83-4153-ae21-722184fc0870,Consolidation method - full domain,58,CNSLDTN_MTHD_FLL,A3A3C77D-0366-9768-FF89-1C25E56881C8,562,1,,,VARCHAR2,String
39af11be-68e1-47b9-8923-36eee75d8bd6,Controlled by national or foreign bodies,59,CNTRLLD_NTNL_FRGN_BDS,A3A3C77D-0366-9768-FF89-1C25E56881C8,562,1,,,VARCHAR2,String
3ff1e73f-0451-45db-8fd4-c1996a61ebbc,Controlled by national or foreign bodies (Input Layer),60,CNTRLLD_NTNL_FRGN_BDS_INPT,A3A3C77D-0366-9768-FF89-1C25E56881C8,562,1,,,VARCHAR2,String
E98740CC-50BF-651A-54E0-27E3AE8B9E56,Corporation type,61,CRPRTN_TYP,A3A3C77D-0366-9768-FF89-1C25E56881C8,562,3,,,VARCHAR2,String
083379C8-A6D7-41B4-9339-C36EA435CA5F,Cost and Revaluation model,62,MSRMNT_MTHD_2,A3A3C77D-0366-9768-FF89-1C25E56881C8,562,1,,,VARCHAR2,String
de3a17c1-8da9-4e19-a69a-cc4dfb5671f9,Cost and Revaluation model (Input Layer),63,MSRMNT_MTHD_INPT,A3A3C77D-0366-9768-FF89-1C25E56881C8,562,1,,,VARCHAR2,String
EADE65DD-379A-7573-703E-EEC402C9582A,Country code by postal code system,64,CNTRY_CD_PSTL_CD_SYSTM,A3A3C77D-0366-9768-FF89-1C25E56881C8,562,2,,,VARCHAR2,String
cd346c04-b6d8-45fb-9793-ba8d703cc9e0,Country type,65,CNTRY_TYP,A3A3C77D-0366-9768-FF89-1C25E56881C8,562,1,,,VARCHAR2,String
3A3CAEE3-1628-B664-55E6-A471C84BEE17,Credit facility Entity role assignment type,66,CRDT_FCLTY_ENTTY_RL_ASSGNMNT_TYP,A3A3C77D-0366-9768-FF89-1C25E56881C8,562,1,,,VARCHAR2,String
691CF7CA-2465-39E3-933D-4570DB6A2060,Credit spread risk curve type,67,CSR_CRV_TYP,A3A3C77D-0366-9768-FF89-1C25E56881C8,562,1,,,VARCHAR2,String
F6EEE55E-858F-5070-F4B1-361975A9D182,Currency for transaction reported,68,CRRNCY_SHSG4_ISIN_1_CRRNCY_TRNSCTN_RPRTD_REF,A3A3C77D-0366-9768-FF89-1C25E56881C8,562,3,,,VARCHAR2,String
3BC05AAE-55DA-CBD8-38A1-82074F764B78,Date / period of application of forbearance measure,69,DT_OPNNG_BLNC_F_24.01_INTL_RCGNTN_DT_REF,A3A3C77D-0366-9768-FF89-1C25E56881C8,562,2,,,VARCHAR2,String
CDB1D267-1064-0725-1DC8-E30AE23EFB40,Debt financing according to AnaCredit indicator,70,DBT_FNNCNG_ANCRDT_INDCTR,A3A3C77D-0366-9768-FF89-1C25E56881C8,562,1,,,VARCHAR2,String
3ae4f34e-20a2-47a9-9f7d-77e0861bebc9,Debt financing according to AnaCredit indicator (Input Layer),71,DBT_FNNCNG_ANCRDT_INDCTR_INPT,A3A3C77D-0366-9768-FF89-1C25E56881C8,562,1,,,VARCHAR2,String
C61837BA-EE22-B7C9-5B27-D4963DF3823F,Debt security by accounting standard,72,DBT_SCRTY_ACCNTNG_STNDRD_TYP,A3A3C77D-0366-9768-FF89-1C25E56881C8,562,2,,,VARCHAR2,String
62B20311-635D-6748-07D2-7B2073F308A8,Debt security by accounting standard (Input Layer),73,DBT_SCRTY_ACCNTNG_STNDRD_TYP_INPT,A3A3C77D-0366-9768-FF89-1C25E56881C8,562,2,,,VARCHAR2,String
0137BDD0-C69F-6D8D-4B9A-D7E4094FE17F,Debt security by performing status type,74,DBT_SCRTY_PRFRMNG_STTS_TYP,A3A3C77D-0366-9768-FF89-1C25E56881C8,562,2,,,VARCHAR2,String
D629749B-0E35-2CD3-58B6-5E9AA7F0CAD0,Debt security by performing status type (Input Layer),75,DBT_SCRTY_PRFRMNG_STTS_TYP_INPT,A3A3C77D-0366-9768-FF89-1C25E56881C8,562,2,,,VARCHAR2,String
F06A6E7E-DA4F-BB51-E623-CEDF1878CA50,Debt security issued prudential portfolio type,76,DBT_SCRTY_ISSD_PRDNTL_PRTFL_TYP,A3A3C77D-0366-9768-FF89-1C25E56881C8,562,2,,,VARCHAR2,String
B0FBF051-B5B4-181C-94E0-4D41EDAEAC87,Debt Security Issued prudential portfolio type (Input Layer),77,DBT_SCRTY_ISSD_PRDNTL_PRTFL_TYP_INPT,A3A3C77D-0366-9768-FF89-1C25E56881C8,562,2,,,VARCHAR2,String
D51655F7-C1E9-739D-EDF2-14EC9D6264A9,Debt security issued type,78,DBT_SCRTY_ISSD_TYP,A3A3C77D-0366-9768-FF89-1C25E56881C8,562,2,,,VARCHAR2,String
9EFEC168-8435-3274-B8B8-3DC3846FF31D,Debt security type,79,DBT_SCRTY_TYP,A3A3C77D-0366-9768-FF89-1C25E56881C8,562,2,,,VARCHAR2,String
9BEB51AD-3E96-832B-92B2-89F5DC2CB45E,Debt security with underlying assets type,80,DBT_SCRTY_WTH_UNDRLYNG_ASSTS_TYP,A3A3C77D-0366-9768-FF89-1C25E56881C8,562,2,,,VARCHAR2,String
E2F8CF5E-E071-3348-98B0-B7337855924A,Default status,81,DFLT_STTS,A3A3C77D-0366-9768-FF89-1C25E56881C8,562,2,,,VARCHAR2,String
E143E0AF-BEFA-97C8-5132-46D919C36AC4,Default status type,82,DFLT_STTS_TYP,A3A3C77D-0366-9768-FF89-1C25E56881C8,562,2,,,VARCHAR2,String
41d6741c-742f-41aa-a980-57007f5d48e1,Default status type (Input Layer),83,DFLT_STTS_TYP_INPT,A3A3C77D-0366-9768-FF89-1C25E56881C8,562,2,,,VARCHAR2,String
8BDB8CC0-B263-4089-77D4-AD28E3DF4EE4,Deposit type,84,DPST_TYP,A3A3C77D-0366-9768-FF89-1C25E56881C8,562,3,,,VARCHAR2,String
00FA2D93-66D1-EE2F-3A65-9EE72AB6BAA8,Derived default status,85,DRVD_DFLT_STTS,A3A3C77D-0366-9768-FF89-1C25E56881C8,562,2,,,VARCHAR2,String
0F4AEE41-2C04-1243-46F9-4EEE91ED64A1,Domestic activities indicator,86,DMSTC_ACTVT_INDCTR,A3A3C77D-0366-9768-FF89-1C25E56881C8,562,1,,,VARCHAR2,String
8C6721F0-2E20-F8AA-3D71-80F080E08DAD,Domestic branch indicator,87,DMSTC_BRNCH_INDCTR,A3A3C77D-0366-9768-FF89-1C25E56881C8,562,2,,,VARCHAR2,String
108D597C-BD84-FF5B-FA44-95FCD4BC53C0,Domestic institutional unit indicator,88,DMSTC_INSTTTNL_UNT_INDCTR,A3A3C77D-0366-9768-FF89-1C25E56881C8,562,2,,,VARCHAR2,String
F93EA851-DEF5-4958-4B6D-D58EFDF4BA5F,Early redemptions included indicator,89,ERLY_RDMPTN_INCLSN_INDCTR_SHSG4_ISIN_ERLY_RDMPTN_INCLSN_INDCTR_REF,A3A3C77D-0366-9768-FF89-1C25E56881C8,562,1,,,VARCHAR2,String
fa21b11e-fd42-4f62-b7fd-478b2ef18573,ECAI/ECA - full domain,90,ECAI_ECA,A3A3C77D-0366-9768-FF89-1C25E56881C8,562,1,,,VARCHAR2,String
99DE0662-BAB5-5473-EAD0-5714FAC4965C,Economy,91,ECNMY,A3A3C77D-0366-9768-FF89-1C25E56881C8,562,1,,,VARCHAR2,String
38B10772-0D03-E2A7-D031-EAA5E064042F,Eligible as guarantee indicator,92,ELGBL_GRNT_INDCTR,A3A3C77D-0366-9768-FF89-1C25E56881C8,562,1,,,VARCHAR2,String
8614909E-4EAC-4979-06FF-442EB3E14563,Eligible as guarantee indicator (Input Layer),93,ELGBL_GRNT_INDCTR_INPT,A3A3C77D-0366-9768-FF89-1C25E56881C8,562,1,,,VARCHAR2,String
03d8986e-b5e3-43d2-bbd7-d9dea6560300,Eligible for central bank funding,94,ELGBL_CNTRL_BNK_FNDNG,A3A3C77D-0366-9768-FF89-1C25E56881C8,562,1,,,VARCHAR2,String
bd667864-6829-4211-ab93-7bd38c4f9897,Eligible for central bank fundung (Input Layer),95,ELGBL_CNTRL_BNK_FNDNG_INPT,A3A3C77D-0366-9768-FF89-1C25E56881C8,562,1,,,VARCHAR2,String
B96EE010-4F41-1FB7-E4B6-299084918D1E,Employee benefit type,96,EMPLY_BNFT_TYP,A3A3C77D-0366-9768-FF89-1C25E56881C8,562,3,,,VARCHAR2,String
B601809B-D51A-4008-91C7-43667208E447,Encumbered asset indicator,97,ENCMBRD_ASST_INDCTR,A3A3C77D-0366-9768-FF89-1C25E56881C8,562,3,,,VARCHAR2,String
45FC4E9A-046E-50D7-131C-1DA9FB642E60,Encumbered asset indicator (Input layer),98,ENCMBRD_ASST_INDCTR_INPT,A3A3C77D-0366-9768-FF89-1C25E56881C8,562,3,,,VARCHAR2,String
E2A1ED29-367C-4FC6-B9D6-D8848A1F0315,Enterprise indicator,99,ENTRPRS_INDCTR,A3A3C77D-0366-9768-FF89-1C25E56881C8,562,1,,,VARCHAR2,String
e3fdd98e-e8f8-4b11-b39e-169ab29513c7,Enterprise indicator (Input Layer),100,ENTRPRS_INDCTR_INPT,A3A3C77D-0366-9768-FF89-1C25E56881C8,562,1,,,VARCHAR2,String
5E9EDC31-A8EC-4BB3-0052-1A81C1ED476C,Enterprise size,101,SZ_RIAD_CLLCTN,A3A3C77D-0366-9768-FF89-1C25E56881C8,562,1,,,VARCHAR2,String
2F7E5F53-5754-4379-8BB8-625E1403A9A0,Enterprise size calculated (previous period),102,SZ_CLCLTD_PRVS_PRD,A3A3C77D-0366-9768-FF89-1C25E56881C8,562,1,,,VARCHAR2,String
3360CB3E-B1D5-1A1E-E6DE-8D445E94D297,Entity group role type,103,ENTTY_GRP_RL_TYP,A3A3C77D-0366-9768-FF89-1C25E56881C8,562,2,,,VARCHAR2,String
5DBBA043-C341-3470-A831-EFC982957AF9,Entity role type,104,ENTTY_RL_TYP,A3A3C77D-0366-9768-FF89-1C25E56881C8,562,2,,,VARCHAR2,String
34E648F0-659F-BC2F-B77B-7463468C1EF7,Entity transaction role type,105,ENTTY_TRNSCTN_RL_TYP,A3A3C77D-0366-9768-FF89-1C25E56881C8,562,1,,,VARCHAR2,String
10511173-094A-64DC-444F-BD030BDC9776,Equity factor type,106,EQUTY_FCTR_TYP,A3A3C77D-0366-9768-FF89-1C25E56881C8,562,1,,,VARCHAR2,String
B55E4E08-49CB-F21C-495A-01DDCAA97E8B,Equity or fund security type,107,EQTY_FND_SCRTY,A3A3C77D-0366-9768-FF89-1C25E56881C8,562,1,,,VARCHAR2,String
D5A78DCE-8703-E3CF-082B-D306CB451D35,European Union member country type,108,EU_CNTRY_TYP,A3A3C77D-0366-9768-FF89-1C25E56881C8,562,1,,,VARCHAR2,String
1985EA03-5BAF-52C1-1BB9-88075464A043,European Union member postal code type,109,EU_PSTL_CD_TYP,A3A3C77D-0366-9768-FF89-1C25E56881C8,562,1,,,VARCHAR2,String
3BA0212B-76FC-210D-AA7F-43800529F184,Exchange tradable derivative asset or liability position role type,110,EXCHNG_TRDBL_DRVTV_ASST_LBLTY_PSTN_RL_TYP,A3A3C77D-0366-9768-FF89-1C25E56881C8,562,1,,,VARCHAR2,String
1BABA987-329F-D67A-BD60-57824795569D,Exchange tradable derivative asset position type,111,EXCHNG_TRDBL_DRVTV_ASST_PSTN_TYP,A3A3C77D-0366-9768-FF89-1C25E56881C8,562,2,,,VARCHAR2,String
99D8F2F6-FFEE-2117-7B3D-E36228C4A4F3,Exchange tradable derivative liability position type,112,EXCHNG_TRDBL_DRVTV_LBLTY_PSTN_TYP,A3A3C77D-0366-9768-FF89-1C25E56881C8,562,1,,,VARCHAR2,String
029FBD17-0ECF-4F0D-854A-27FB5B15C2CF,Exchange tradable derivative position hedge accounting standard type,113,EXCHNG_TRDBL_DRVTV_PSTN_HDG_ACCNTNG_STNDRD_TYP,A3A3C77D-0366-9768-FF89-1C25E56881C8,562,2,,,VARCHAR2,String
D26FC9AC-7DFB-0149-3341-DDD8E24AF729,Exchange tradable derivative position role type,114,EXCHNG_TRDBL_DRVTV_PSTN_RL_TYP,A3A3C77D-0366-9768-FF89-1C25E56881C8,562,1,,,VARCHAR2,String
8177EC5B-7AA0-D8DC-96B1-F02F2F4896DA,Exchange tradable derivative position role type (Input Layer),115,EXCHNG_TRDBL_DRVTV_PSTN_RL_TYP_INPT,A3A3C77D-0366-9768-FF89-1C25E56881C8,562,2,,,VARCHAR2,String
FCD83160-3A12-43DB-A365-054BE550FD94,Exchange tradable derivative Protection arrangement assignment type,116,EXCHNG_TRDBL_DRVTV_PRTCN_ARRNGMNT_ASSGNMNT_TYP,A3A3C77D-0366-9768-FF89-1C25E56881C8,562,1,,,VARCHAR2,String
3D226884-ED12-5009-ACA3-51170053CEF8,Exchange tradable derivative type,117,EXCHNG_TRDBL_DRVTV_TYP,A3A3C77D-0366-9768-FF89-1C25E56881C8,562,1,,,VARCHAR2,String
47928F95-C491-4745-9A88-DC217CE864E4,Exposure classes for the calculation of risk weight,118,EXPSR_CLSS_CLCLTN,A3A3C77D-0366-9768-FF89-1C25E56881C8,562,2,,,VARCHAR2,String
6d578632-55ab-4d8d-99d7-d97232723085,Exposure classes for the calculation of risk weight (Input Layer),119,EXPSR_CLSS_CLCLTN_INPT,A3A3C77D-0366-9768-FF89-1C25E56881C8,562,2,,,VARCHAR2,String
53E48821-1FB9-9C6C-80A9-B24F4838801F,Exposure with recourse indicator,120,RCRS_ANCRDT_CLLCTN,A3A3C77D-0366-9768-FF89-1C25E56881C8,562,1,,,VARCHAR2,String
B4AA811B-F34F-B24C-C18A-F0EC9670DF84,External party identifier type,121,EXTRNL_PRTY_ID_TYP,A3A3C77D-0366-9768-FF89-1C25E56881C8,562,2,,,VARCHAR2,String
D48531D1-F9C0-AFE2-212A-9198FA2A14E7,Failed to meet the non-performing exit criteria indicator,122,FLD_NN_PRFRMNG_EXT_CRTR_INDCTR,A3A3C77D-0366-9768-FF89-1C25E56881C8,562,1,,,VARCHAR2,String
140EA319-8733-A869-48B9-70F439B6E998,Fair-valued balance sheet recognised financial liability instrument accounting standard,123,FV_BLNC_SHT_RCGNSD_FNNCL_LBLTY_INSTRMTN_ACCNTNG_STNDRD,A3A3C77D-0366-9768-FF89-1C25E56881C8,562,2,,,VARCHAR2,String
810501BF-2E6A-06B1-952B-20D55D2F5983,Fair value designation,124,FVO_DSGNTN,A3A3C77D-0366-9768-FF89-1C25E56881C8,562,1,,,VARCHAR2,String
6b6a7a5c-3533-4f15-84dc-a85c03be48b6,Fair value hierarchy,125,FV_HRRCHY,A3A3C77D-0366-9768-FF89-1C25E56881C8,562,1,,,VARCHAR2,String
D7A59671-C427-FB17-9F03-7E27419DAB4B,Fair value hierarchy (Input Layer),126,FV_HRRCHY_INPT,A3A3C77D-0366-9768-FF89-1C25E56881C8,562,1,,,VARCHAR2,String
54546BDD-F068-8236-37E3-F94ABB46E346,Fair value option designation (Input Layer),127,FVO_DSGNTN_INPT,A3A3C77D-0366-9768-FF89-1C25E56881C8,562,1,,,VARCHAR2,String
D9D544B1-1229-4FD5-4C97-06E213CE6217,Fiduciary asset indicator,128,FDCRY_INSTRMNT_INDCTR,A3A3C77D-0366-9768-FF89-1C25E56881C8,562,1,,,VARCHAR2,String
8B8B68B7-538C-A1D6-1412-A2CEFC9D5D20,Fiduciary asset indicator (Input layer),129,FDCRY_INSTRMNT_INDCTR_INPT,A3A3C77D-0366-9768-FF89-1C25E56881C8,562,1,,,VARCHAR2,String
af1ebfeb-d540-418a-b2e1-75024a24ef78,Fiduciary instrument indicator (Input Layer),130,FDCRY_INSTRMNT_INDCTR_INPT,A3A3C77D-0366-9768-FF89-1C25E56881C8,562,1,,,VARCHAR2,String
CFEDDB0D-DD60-6138-0CD9-B23824EDDC8E,Financial asset instrument debtor assessed type,131,FNNCL_ASST_INSTRMNT_DBTR_ASSSSD_TYP,A3A3C77D-0366-9768-FF89-1C25E56881C8,562,2,,,VARCHAR2,String
031AA0A3-9840-1610-CCF2-7B695A7691DF,Financial asset instrument individually assessed type,132,FNNCL_ASST_INSTRMNT_INDVDLLY_ASSSSD_TYP,A3A3C77D-0366-9768-FF89-1C25E56881C8,562,2,,,VARCHAR2,String
CD5371FB-2510-4E9A-5E41-8EC489A443A1,Financial asset instrument type,133,FNNCL_ASST_INSTRMNT_TYP,A3A3C77D-0366-9768-FF89-1C25E56881C8,562,2,,,VARCHAR2,String
60357A64-0605-54CC-4754-3E48E9BA78F9,"Financial asset instrument type by CRR, Article 123 (Retail exposure)",134,FNNCL_ASST_INSTRMNT_TYP_CRR,A3A3C77D-0366-9768-FF89-1C25E56881C8,562,2,,,VARCHAR2,String
51100051-687B-DB3E-90AD-47254F8BDD53,"Financial asset instrument type by CRR, Article 123 (Retail exposure) (Input Layer)",135,FNNCL_ASST_INSTRMNT_TYP_CRR_INPT,A3A3C77D-0366-9768-FF89-1C25E56881C8,562,2,,,VARCHAR2,String
21064080-2482-7530-223B-1B0E3E5B9283,Financial asset instrument type by fixed interest rate,136,FNNCL_ASST_INSTRMNT_TYP_FXD_INTRST_RT,A3A3C77D-0366-9768-FF89-1C25E56881C8,562,2,,,VARCHAR2,String
BDED7F83-AFD0-67E4-1557-B3E7C5BF5385,Financial asset instrument type by fixed interest rate (Input Layer),137,FNNCL_ASST_INSTRMNT_TYP_FXD_INTRST_RT_INPT,A3A3C77D-0366-9768-FF89-1C25E56881C8,562,2,,,VARCHAR2,String
C28AA63F-7F58-DBD9-F24A-9036194B5949,Financial asset instrument type by interest only (Input Layer),138,FNNCL_ASST_INSTRMNT_TYP_INTRST_RT_INPT,A3A3C77D-0366-9768-FF89-1C25E56881C8,562,2,,,VARCHAR2,String
98AF5502-8D97-692D-A530-E11F9E44F59A,Financial asset instrument type by interest rate only,139,FNNCL_ASST_INSTRMNT_TYP_INTRST_RT,A3A3C77D-0366-9768-FF89-1C25E56881C8,562,2,,,VARCHAR2,String
A3877C6A-8CC5-2574-2754-4EF1DD90B7AB,Financial asset instrument type by renegotiation status,140,FNNCL_ASST_INSTRMNT_TYP_RNGTTN_STTS,A3A3C77D-0366-9768-FF89-1C25E56881C8,562,2,,,VARCHAR2,String
202067B3-64A9-AA51-0EFA-D94B13EB91FA,Financial asset instrument type by renegotiation status (Input Layer),141,FNNCL_ASST_INSTRMNT_TYP_RNGTTN_STTS_INPT,A3A3C77D-0366-9768-FF89-1C25E56881C8,562,2,,,VARCHAR2,String
931c5d66-4c95-4782-9407-6b34e0d9bf79,Financial collateral type,142,FNNCL_PRTCTN_TYP,A3A3C77D-0366-9768-FF89-1C25E56881C8,562,2,,,VARCHAR2,String
18D9F689-2C3A-10B7-2B06-7A85FEBCC5F9,Financial contract type,143,FNNCL_CNTRCT_TYP,A3A3C77D-0366-9768-FF89-1C25E56881C8,562,1,,,VARCHAR2,String
F1CE745B-410C-E5A0-B4F3-A92A2CC2B012,Financial corporation type,144,FNNCL_CRPRTN_TYP,A3A3C77D-0366-9768-FF89-1C25E56881C8,562,6,,,VARCHAR2,String
25CFDA5B-E5B6-D3C2-B5AD-EAC390FA6906,Financial guarantee instrument type,145,FNNCL_GRNT_INSTRMNT_TYP,A3A3C77D-0366-9768-FF89-1C25E56881C8,562,2,,,VARCHAR2,String
1B5E01C9-7A32-0C4D-A784-BCEF2226280D,Financial liability instrument type,146,FNNCL_LBLTY_INSTRMNT_TYP,A3A3C77D-0366-9768-FF89-1C25E56881C8,562,2,,,VARCHAR2,String
A8E5C407-B93D-43E6-A783-AFBD38FEF7DA,Finrep subdomain for financial assets,147,FVO_DSGNTN_BIRD_1,A3A3C77D-0366-9768-FF89-1C25E56881C8,562,1,,,VARCHAR2,String
83EDCD0A-336E-8F27-ACBD-3861003F0BA8,Forbearance measure granted during reference period,148,FRBRNC_MSR_GRNTD_DRNG_RFRNC_PRD,A3A3C77D-0366-9768-FF89-1C25E56881C8,562,1,,,VARCHAR2,String
87EF806E-E453-9C18-75EE-10501A78404B,Forbearance measure type,149,FRBRNC_MSR_TYP,A3A3C77D-0366-9768-FF89-1C25E56881C8,562,2,,,VARCHAR2,String
CF668C99-D92E-7268-D6C2-775C3A1A2820,Forbearance measure type (Input Layer),150,FRBRNC_MSR_TYP_INPT,A3A3C77D-0366-9768-FF89-1C25E56881C8,562,2,,,VARCHAR2,String
C4F21A0E-D961-4428-8927-8C96FCBCB0F6,Forbearance status,151,FRBRNC_STTS_INPT,A3A3C77D-0366-9768-FF89-1C25E56881C8,562,1,,,VARCHAR2,String
E8612C0C-6AF0-A51C-8AD6-D2D5AB5C5ACA,Forborne non-negotiable long security position indicator,152,FRBRN_LNG_NN_NGTBL_SCRTY_PSTN_INDCTR,A3A3C77D-0366-9768-FF89-1C25E56881C8,562,2,,,VARCHAR2,String
4374AA3E-4424-4CD1-914A-4AA001430C30,Full list of the classification of the instruments,153,PRMRY_ASST_CLSSFCTN_SHS,A3A3C77D-0366-9768-FF89-1C25E56881C8,562,6,,,VARCHAR2,String
5e473c9a-dde9-409a-8bb6-ba8009a13157,Full list of the classification of the instruments (Input Layer),154,PRMRY_ASST_CLSSFCTN_INPT,A3A3C77D-0366-9768-FF89-1C25E56881C8,562,6,,,VARCHAR2,String
7FD8F92F-C799-4AF9-AA40-D234A3E00301,Full list of the Security Guarantee level,155,SCRTY_GRNT_LVL_SHS,A3A3C77D-0366-9768-FF89-1C25E56881C8,562,1,,,VARCHAR2,String
58ed721e-2d1e-4e26-bfd3-43dbe5147e3b,Full list of the Security Guarantee level (Input Layer),156,SCRTY_GRNT_LVL_INPT,A3A3C77D-0366-9768-FF89-1C25E56881C8,562,1,,,VARCHAR2,String
38985000-ABAE-451B-8CA3-5E4777F84162,Full list of the security level,157,SCRTY_LVL_SHS,A3A3C77D-0366-9768-FF89-1C25E56881C8,562,1,,,VARCHAR2,String
9b33fd77-7ff0-468f-8291-dbc91a6be9ba,Full list of the security level (Input Layer),158,SCRTY_LVL_INPT,A3A3C77D-0366-9768-FF89-1C25E56881C8,562,1,,,VARCHAR2,String
68D5F70B-1E5A-4A86-926F-CC5E369ADD8A,Full list of the security rank level,159,SCRTY_RNK_LVL_SHS,A3A3C77D-0366-9768-FF89-1C25E56881C8,562,1,,,VARCHAR2,String
e805a1ae-7c46-4f98-b643-5ddd466fb985,Full list of the security rank level (Input Layer),160,SCRTY_RNK_LVL_INPT,A3A3C77D-0366-9768-FF89-1C25E56881C8,562,1,,,VARCHAR2,String
BBA82112-A443-D2D1-88E5-D23C6BE82560,General government type,161,GNRL_GVRNMNT_TYP,A3A3C77D-0366-9768-FF89-1C25E56881C8,562,1,,,VARCHAR2,String
5C906E1D-52DD-D49C-D419-F3231D734D43,GIRR risk factor,162,GIRR_RSK_FCTR,A3A3C77D-0366-9768-FF89-1C25E56881C8,562,1,,,VARCHAR2,String
14513C89-6963-480A-B7FF-A8E8F9C29721,Group Key management personnel assignment type,163,GRP_KY_MNGMNT_PRSNNL_ASSGNMNT_TYP,A3A3C77D-0366-9768-FF89-1C25E56881C8,562,1,,,VARCHAR2,String
33187425-09B5-425F-755F-8A449B8BA57B,Group of clients type,164,GRP_CLNTS_TYP,A3A3C77D-0366-9768-FF89-1C25E56881C8,562,2,,,VARCHAR2,String
4A5D2963-6381-98E0-CBB4-B57A2727126A,Group role type,165,GRP_RL_TYP,A3A3C77D-0366-9768-FF89-1C25E56881C8,562,1,,,VARCHAR2,String
41F8DA9F-FC51-94D0-4F77-6AE64162BD18,Group type,166,GRP_TYP,A3A3C77D-0366-9768-FF89-1C25E56881C8,562,1,,,VARCHAR2,String
959C32F4-A93F-4799-8BBA-49A90BFBF2FB,Hedge accounting - At cost based method or Lower of cost or market (LOCOM) indicator,167,CST_BSD_MTHD_LCM_INDCTR,A3A3C77D-0366-9768-FF89-1C25E56881C8,562,1,,,VARCHAR2,String
4DD03E38-E9A3-FC9F-E83E-0852FFE4ED75,Hedge accounting - At cost based method or Lower of cost or market (LOCOM) indicator (Input layer),168,CST_BSD_MTHD_LCM_INDCTR_INPT,A3A3C77D-0366-9768-FF89-1C25E56881C8,562,1,,,VARCHAR2,String
2ACF47DC-3D82-40B2-BD17-1A2C391133E3,Hedged portfolio asset or liability indicator,169,HDGD_PRTFL_ASST_LBLTY_INDCTR,A3A3C77D-0366-9768-FF89-1C25E56881C8,562,1,,,VARCHAR2,String
9FC05F6E-0558-F79E-96CA-F05753F58262,Held for sale indicator,170,HLD_SL_INDCTR,A3A3C77D-0366-9768-FF89-1C25E56881C8,562,1,,,VARCHAR2,String
a0821e86-2452-4462-84c8-8c68323e0b47,Held for sale indicator (Input Layer),171,HLD_SL_INDCTR_INPT,A3A3C77D-0366-9768-FF89-1C25E56881C8,562,1,,,VARCHAR2,String
FD0F0044-D4FF-E022-A40D-CF7646852EAC,High liquidity and credit quality (HQLA) indicator,172,HQLA_INDCTR,A3A3C77D-0366-9768-FF89-1C25E56881C8,562,1,,,VARCHAR2,String
fba77206-94b4-4137-9f29-8aa1ae650604,High liquidity and credit quality (HQLA) indicator (Input Layer),173,HQLA_INDCTR_INPT,A3A3C77D-0366-9768-FF89-1C25E56881C8,562,1,,,VARCHAR2,String
92A6089D-6098-1C0F-4041-0FDCB423AEF6,Identifier type (Input Layer),174,IDNTFR_TYP,A3A3C77D-0366-9768-FF89-1C25E56881C8,562,13,,,VARCHAR2,String
268DADF0-0432-658F-7BEE-9C7ADBDDCD2D,Immaterial rights collateral type,175,IMMTRL_RGHT_CLLTRL_TYP,A3A3C77D-0366-9768-FF89-1C25E56881C8,562,3,,,VARCHAR2,String
9945748b-9610-4bc7-b62e-9396f9264ade,Immediate parent according to AnaCredit indicator,176,IMMDT_PRNT_ANCRDT_INDCTR,A3A3C77D-0366-9768-FF89-1C25E56881C8,562,1,,,VARCHAR2,String
9395498C-7C15-5871-9F22-C38B8130D93C,Impairment assessment method,177,IMPRMNT_ASSSSMNT_MTHD_ANCRDT_CLLCTN,A3A3C77D-0366-9768-FF89-1C25E56881C8,562,1,,,VARCHAR2,String
4122CEDD-1788-5357-F7CB-104D9805911A,Impairment assessment method (Input Layer),178,IMPRMNT_ASSSSMNT_MTHD_INPT,A3A3C77D-0366-9768-FF89-1C25E56881C8,562,1,,,VARCHAR2,String
D53B60E1-6316-42FE-A176-CA7FD1E6AB95,Impairment status,179,IMPRMNT_STTS,A3A3C77D-0366-9768-FF89-1C25E56881C8,562,3,,,VARCHAR2,String
EEA6A796-755A-7656-4270-DB52305CDA5A,Impairment status (Input Layer),180,IMPRMNT_STTS_INPT,A3A3C77D-0366-9768-FF89-1C25E56881C8,562,3,,,VARCHAR2,String
8858F29B-C7A0-D284-840D-A6A720901643,Initial imapirment status (Input Layer),181,INTL_IMPRMNT_STTS_INPT,A3A3C77D-0366-9768-FF89-1C25E56881C8,562,2,,,VARCHAR2,String
3E701DBB-AE13-4320-D402-2D9DA177F9CE,Initial impairment status,182,INTL_IMPRMNT_STTS,A3A3C77D-0366-9768-FF89-1C25E56881C8,562,2,,,VARCHAR2,String
24f978bf-6fd6-4b09-9b10-deb049e07952,Institutional sectors,183,INSTTTNL_SCTR,A3A3C77D-0366-9768-FF89-1C25E56881C8,562,8,,,VARCHAR2,String
C6CA4A0F-2B0D-45B3-B6A6-C77EE1FECF36,Instrument Collateral assignment type,184,INSTRMNT_CLLTRL_ASSGNMNT_TYP,A3A3C77D-0366-9768-FF89-1C25E56881C8,562,1,,,VARCHAR2,String
3DCA6674-6086-6D44-6F1B-3108A526F259,Instrument Collateral instrument assignment type,185,INSTRMNT_CLLTRL_INSTRMNT_ASSGNMNT_TYP,A3A3C77D-0366-9768-FF89-1C25E56881C8,562,1,,,VARCHAR2,String
C2CF6B8E-BEDB-4448-6C1B-2CC54BD64FCC,Instrument Entity role assignment type,186,INSTRMNT_ENTTY_RL_ASSGNMNT_TYP,A3A3C77D-0366-9768-FF89-1C25E56881C8,562,2,,,VARCHAR2,String
D1A152BD-E0DA-4FE9-AF0A-FA45922BFFE0,Instrument Protection arrangement assignment type,187,INSTRMNT_PRTCTN_ARRNGMNT_ASSGNMNT_TYP,A3A3C77D-0366-9768-FF89-1C25E56881C8,562,1,,,VARCHAR2,String
8e78f30b-610e-404e-97c5-60fa855125db,Instrument role type,188,INSTRMNT_RL_TYP,A3A3C77D-0366-9768-FF89-1C25E56881C8,562,2,,,VARCHAR2,String
D5FEC816-601B-2499-DB49-A239F7CAB00D,Instrument role type (Input layer),189,INSTRMNT_RL_TYP_INPT,A3A3C77D-0366-9768-FF89-1C25E56881C8,562,3,,,VARCHAR2,String
18e67227-ff3e-458a-8912-46488d4eb6dc,Instrument type by origin,190,INSTRMNT_TYP_ORGN,A3A3C77D-0366-9768-FF89-1C25E56881C8,562,1,,,VARCHAR2,String
91f8c6d1-aeb9-4245-a38d-57f80e30043a,Instrument type by product,191,INSTRMNT_TYP_PRDCT,A3A3C77D-0366-9768-FF89-1C25E56881C8,562,3,,,VARCHAR2,String
3880C9D4-D966-103E-57C9-CAD195D367C5,Integer,192,INTGR,LOGDT011,522,,,,INTEGER,Integer
A174855F-FB77-C069-AB48-AE80BD319354,Interest rate reset frequency,193,INTRST_RT_RST_FRQNCY,A3A3C77D-0366-9768-FF89-1C25E56881C8,562,2,,,VARCHAR2,String
bec0df9e-570b-4870-bd58-3f5f0a33c1c7,Interest rate type,194,TYP_INTRST_RT,A3A3C77D-0366-9768-FF89-1C25E56881C8,562,1,,,VARCHAR2,String
9f1b77a5-3b4f-4b0e-bce8-4a6549b58ac2,Interest rate type (Input Layer),195,TYP_INTRST_RT_INPT,A3A3C77D-0366-9768-FF89-1C25E56881C8,562,1,,,VARCHAR2,String
A961D10D-AB1D-3F7E-6C0D-714722E1BB95,Internal consolidation group type,196,INTRNL_CNSLDTN_GRP_TYP,A3A3C77D-0366-9768-FF89-1C25E56881C8,562,2,,,VARCHAR2,String
33F348AC-1306-1A1E-AD3A-CE8BFFC072F7,Internal group type,197,INTRN_GRP_TYP,A3A3C77D-0366-9768-FF89-1C25E56881C8,562,2,,,VARCHAR2,String
D09672AB-880F-BC5C-2934-A1DF0727EB40,International organisation and General government type,198,INTRNTNL_ORGNSTN_GNRL_GVNMNT_TYP,A3A3C77D-0366-9768-FF89-1C25E56881C8,562,3,,,VARCHAR2,String
28ECFA9F-E1D9-5856-5A9A-173AB0106B8A,Investment property type,199,INSTMNT_PRPRTY_TYP,A3A3C77D-0366-9768-FF89-1C25E56881C8,562,2,,,VARCHAR2,String
E832EA39-67C9-4303-AD29-B66510B666C6,ISO 3166-1 alpha-2 code of the country,200,ISO3166,A3A3C77D-0366-9768-FF89-1C25E56881C8,562,2,,,VARCHAR2,String
005eccc3-e1f2-47eb-a2be-3922266ab95a,ISO 3166-1 alpha-2 code of the country (Input Layer),201,ISO3166_INPT,A3A3C77D-0366-9768-FF89-1C25E56881C8,562,2,,,VARCHAR2,String
7860306A-0B1C-E668-9EFA-EB96D732382B,Issued debt security in the trading book accounting standard,202,DBT_SCRTY_ISSD_TRDNG_BK_ACCNTNG_STNDRD,A3A3C77D-0366-9768-FF89-1C25E56881C8,562,2,,,VARCHAR2,String
AF5B8332-8B45-A6D4-16F5-4C9820A84C0B,Issuer based rating system type,203,ISSR_BSD_RTNG_SYSTM_TYP,A3A3C77D-0366-9768-FF89-1C25E56881C8,562,1,,,VARCHAR2,String
FF4637D8-C68F-55B4-5996-6C392E587744,Leading branch indicator,204,LDNG_BRNCH_INDCTR,A3A3C77D-0366-9768-FF89-1C25E56881C8,562,2,,,VARCHAR2,String
40176914-4507-0AC6-391D-57806563EEDE,Leading branch indicator (Input Layer),205,LDNG_BRNCH_INDCTR_INPT,A3A3C77D-0366-9768-FF89-1C25E56881C8,562,2,,,VARCHAR2,String
31457646-D166-EE48-82B3-81C9F7441928,Legal form,206,LGL_FRM,A3A3C77D-0366-9768-FF89-1C25E56881C8,562,9,,,VARCHAR2,String
044F0DA5-279F-637C-1E3F-871DA2D233D2,Legal form (Input Layer),207,LGL_FRM_INPT,A3A3C77D-0366-9768-FF89-1C25E56881C8,562,9,,,VARCHAR2,String
C63473A2-36CE-76E8-1675-22C49721A4CD,Legal person role type,208,LGL_PRSN_RL_TYP,A3A3C77D-0366-9768-FF89-1C25E56881C8,562,1,,,VARCHAR2,String
C8752093-6006-9886-8A36-2097A4E65F7C,Legal person type,209,LGL_PRSN_TYP,A3A3C77D-0366-9768-FF89-1C25E56881C8,562,2,,,VARCHAR2,String
885F5794-B51C-70A9-297F-2D81FCD5D63B,Legal proceedings status (Input Layer),210,LGL_PRCDNG_STTS_INPT,A3A3C77D-0366-9768-FF89-1C25E56881C8,562,1,,,VARCHAR2,String
0b4c659d-2891-4c54-a272-61fa124e8d83,Legal proceeding status,211,LGL_PRCDNG_STTS,A3A3C77D-0366-9768-FF89-1C25E56881C8,562,1,,,VARCHAR2,String
D3E22836-F370-4F07-4EA5-D5D8CFA2EC97,Listed indicator,212,BLN_TF,A3A3C77D-0366-9768-FF89-1C25E56881C8,562,1,,,VARCHAR2,String
54CB6AB6-3017-C8CE-2935-B4CC0C366DCB,Listed indicator (Input Layer),213,LST_INDCTR_INPT,A3A3C77D-0366-9768-FF89-1C25E56881C8,562,1,,,VARCHAR2,String
A74017C2-FB85-4C52-0ECE-FD4F2BA2B981,Litigation status,214,LTGTN_STTS,A3A3C77D-0366-9768-FF89-1C25E56881C8,562,1,,,VARCHAR2,String
E9AC9799-6E08-A760-5AFC-2A0167B08AEF,Litigation status (Input Layer),215,LTGTN_STTS_INPT,A3A3C77D-0366-9768-FF89-1C25E56881C8,562,1,,,VARCHAR2,String
336C65AC-E62E-2AAB-D901-EE9E00260683,Loan and advance type,216,LN_AND_ADVNC_TYP,A3A3C77D-0366-9768-FF89-1C25E56881C8,562,2,,,VARCHAR2,String
800F811F-075B-D6C7-1B0F-FC917B71BFA0,Loan type,217,LN_TYP,A3A3C77D-0366-9768-FF89-1C25E56881C8,562,4,,,VARCHAR2,String
AF1CAF83-1B5B-424E-BF08-68C8B3E0D8AC,Long debt security position encumbrance role type,218,,A3A3C77D-0366-9768-FF89-1C25E56881C8,562,1,,,VARCHAR2,String
f1005b26-5d94-4d83-b2fa-caa0c3ac12c5,Long debt security position Prudential portfolio assignment Accounting classification for financial assets assignment type,219,LNG_DBT_SCRTY_PSTN_PRDNTL_PRTFL_ASSGNMNT_ACCNTNG_CLSSFCTN_FNNCL_ASSTS_ASSGNMNT_TYP,A3A3C77D-0366-9768-FF89-1C25E56881C8,562,1,,,VARCHAR2,String
324d723e-2a33-412c-ac94-19fa7bbcc42c,Long equity or fund security position Prudential portfolio assignment Accounting classification for financial assets assignment type,220,LNG_EQTY_FND_SCRTY_PSTN_PRDNTL_PRTFL_ASSGNMNT_ACCNTNG_CLSSFCTN_FNNCL_ASSTS_ASSGNMNT_TYP,A3A3C77D-0366-9768-FF89-1C25E56881C8,562,1,,,VARCHAR2,String
10529e90-ccb0-4646-ac5c-2fbcebc39ea9,Long security position Prudential Portfolio assignment Accounting classification for financial assets assignment type,221,LNG_SCRTY_PSTN_PRDNTL_PRTFL_ASSGNMNT_ACCNTNG_CLSSFCTN_FNNCL_ASSTS_ASSGNMNT_TYP,A3A3C77D-0366-9768-FF89-1C25E56881C8,562,1,,,VARCHAR2,String
f3ceddd7-0af1-46f7-a64e-2443f9739a8a,Long security position Prudential portfolio assignment type,222,LNG_SCRTY_PSTN_PRDNTL_PRTFL_ASSGNMNT_TYP,A3A3C77D-0366-9768-FF89-1C25E56881C8,562,1,,,VARCHAR2,String
22360725-5409-47DA-F83B-458C1A25FE44,Long security position Prudential portfolio type,223,LNG_SCRTY_PSTN_PRDNTL_PRTFL_TYP,A3A3C77D-0366-9768-FF89-1C25E56881C8,562,1,,,VARCHAR2,String
329B0DC8-C2CC-82FA-DB6F-55F79340D65E,Long security position trading book assignment accounting standard type,224,LNG_SCRTY_PSTN_TRDNG_BK_ASSGNMNT_ACCNTNG_STNDRD_TYP,A3A3C77D-0366-9768-FF89-1C25E56881C8,562,1,,,VARCHAR2,String
7F5633A0-D773-A1A4-3ADF-CF10C5460A38,Long security position type,225,LNG_SCRTY_PSTN_TYP,A3A3C77D-0366-9768-FF89-1C25E56881C8,562,1,,,VARCHAR2,String
41019509-6125-34AE-6E8A-736A108B9EF2,Long security prudential portfolio type (Input Layer),226,LNG_SCRTY_PSTN_PRDNTL_PRTFL_TYP_INPT,A3A3C77D-0366-9768-FF89-1C25E56881C8,562,1,,,VARCHAR2,String
4577AC12-C676-447D-B32A-AA4B36EC3423,Long self-issued or third-party debt security position indicator,227,,A3A3C77D-0366-9768-FF89-1C25E56881C8,562,1,,,VARCHAR2,String
B0893BD0-EC05-50D4-D819-5723AEAB1DB4,Low credit risk indicator for FINREP,228,LW_CRDT_RSK_INDCTR,A3A3C77D-0366-9768-FF89-1C25E56881C8,562,1,,,VARCHAR2,String
EAC578B7-286D-E68C-D9AF-BF38EA0C6F4F,Low credit risk indicator for FINREP (Input Layer),229,LW_CRDT_RSK_INDCTR_INPT,A3A3C77D-0366-9768-FF89-1C25E56881C8,562,1,,,VARCHAR2,String
4fbaf048-0fd2-4fb6-bcf8-4d2a51edc573,Lower of cost or market indicator (Input Layer),230,LOCOM_INDCTR_INPT,A3A3C77D-0366-9768-FF89-1C25E56881C8,562,1,,,VARCHAR2,String
79A0EAC7-7CC0-F639-1D51-3D887E203263,Main debtor indicator,231,MN_DBTR_INDCTR,A3A3C77D-0366-9768-FF89-1C25E56881C8,562,1,,,VARCHAR2,String
d90ea317-1cac-4a23-89d6-c8b24ddc859f,Main debtor indicator (Input Layer),232,MN_DBTR_INDCTR_INPT,A3A3C77D-0366-9768-FF89-1C25E56881C8,562,1,,,VARCHAR2,String
ADBED33F-BF12-0B3C-2F9A-F95599AF2B99,Market capitalisation indicator,233,MRKT_CP,A3A3C77D-0366-9768-FF89-1C25E56881C8,562,1,,,VARCHAR2,String
0EA49441-2C1B-069B-8127-A35F2CBDE9BC,Market Capitalisation indicator (Input Layer),234,MRKT_CP_INDCTR_INPT,A3A3C77D-0366-9768-FF89-1C25E56881C8,562,1,,,VARCHAR2,String
9DD94B43-B702-1025-774D-9B56D298FA2E,Master agreement Central counterparty assignment type,235,MSTR_AGRMNT_CCP_ASSGNMNT_TYP,A3A3C77D-0366-9768-FF89-1C25E56881C8,562,1,,,VARCHAR2,String
FACED78B-F602-A7BC-F5B4-A66D1F583E7B,Master agreement Entity role type,236,MSTR_AGRMNT_ENTTY_RL_ASSGNMNT_TYP,A3A3C77D-0366-9768-FF89-1C25E56881C8,562,1,,,VARCHAR2,String
61D664E5-6810-8FBF-45CB-E3D5F369234E,Master agreement type,237,MSTR_AGRMNT_TYP,A3A3C77D-0366-9768-FF89-1C25E56881C8,562,1,,,VARCHAR2,String
7E62E8E4-F9F2-2D22-3029-6A852124517E,Master agreement with central counterparty type,238,MSTR_AGRMNT_WIT_CCP_TYP,A3A3C77D-0366-9768-FF89-1C25E56881C8,562,1,,,VARCHAR2,String
0AFA48D4-2E2F-43C0-88B5-AD3B85A45129,Minimum reserve indicator,239,MNMM_RSRV_INDCTR,A3A3C77D-0366-9768-FF89-1C25E56881C8,562,4,,,VARCHAR2,String
8AF63A7D-2245-4118-9583-CEDC4D186D2D,Monetary,240,MNTRY,A3A3C77D-0366-9768-FF89-1C25E56881C8,562,,,,VARCHAR2,String
A837D872-E836-D84B-4550-5AA040F45A63,Multilateral development bank indicator,241,MLTLTRL_DVLPMNT_BNK_INDCTR,A3A3C77D-0366-9768-FF89-1C25E56881C8,562,1,,,VARCHAR2,String
D8AC73CA-BBE5-1096-11BC-5620F5C11511,Multilateral development bank indicator (Input Layer),242,MLTLTRL_DVLPMNT_BNK_INDCTR_INPT,A3A3C77D-0366-9768-FF89-1C25E56881C8,562,1,,,VARCHAR2,String
0AA28620-05FF-1C8D-CC3A-C767E643EA1C,Multiple forbearance measures in place indicator,243,MLTPL_FRBRNC_MSR_INDCTR,A3A3C77D-0366-9768-FF89-1C25E56881C8,562,1,,,VARCHAR2,String
8E6A86B8-B503-5CF8-0ABE-6A103754B586,Multiple forbearance measures in place indicator (Input Layer),244,MLTPL_FRBRNC_MSR_INDCTR_INPT,A3A3C77D-0366-9768-FF89-1C25E56881C8,562,1,,,VARCHAR2,String
862C2035-489F-67C5-DAE4-56454F6F4314,NACE levels 2 to 4 plus not applicable (staging),245,NACE_LVLS2TO4_STGNG,A3A3C77D-0366-9768-FF89-1C25E56881C8,562,5,,,VARCHAR2,String
1E9E852D-47BF-E337-8AC4-CCE377067A71,Natural person group role type,246,NTRL_PRSN_GRP_RL_TYP,A3A3C77D-0366-9768-FF89-1C25E56881C8,562,2,,,VARCHAR2,String
EE419DC7-0B55-FD6D-6FCF-279A88C1F592,Natural person type,247,NTRL_PRSN_TYP,A3A3C77D-0366-9768-FF89-1C25E56881C8,562,2,,,VARCHAR2,String
0EC0AF75-3EE0-0A5D-4028-A80BA692B3E0,Negotiable security,248,NGTBL_SCRTY,A3A3C77D-0366-9768-FF89-1C25E56881C8,562,1,,,VARCHAR2,String
BA55C05B-30CF-9C23-0262-F44FAEA5A5BD,Negotiable security posiiton indicator (Input Layer),249,NGTBL_SCTRY_PSTN_INDCTR_INPT,A3A3C77D-0366-9768-FF89-1C25E56881C8,562,2,,,VARCHAR2,String
552FA18A-DEF6-9673-4C9E-E61AE9F836E6,Negotiable security position indicator,250,NGTBL_SCRTY_PSTN_INDCTR,A3A3C77D-0366-9768-FF89-1C25E56881C8,562,2,,,VARCHAR2,String
BBDE5CEC-C879-453F-A744-0029A1653819,Non-balance sheet recognised financial asset instrument by accounting standard,251,NN_BLNC_SHT_RCGNSD_FNNCL_ASST_INSTRMNT_BY_ACCNTNG_STNDRD,A3A3C77D-0366-9768-FF89-1C25E56881C8,562,3,,,VARCHAR2,String
6D92A6E3-70F5-83C5-DC79-5AAD247526C8,Non-balance sheet recognised financial liability instrument by forbearance status type,252,NN_BLNC_SHT_RCGNSD_FNNCL_LBLTY_INSTRMNT_FRBRNC_STTS_TYP,A3A3C77D-0366-9768-FF89-1C25E56881C8,562,2,,,VARCHAR2,String
8BCB7784-001A-A0F7-6862-70C0572ED8E6,Non-default financial asset instrument individually assessed type,253,NN_DFLT_FNNCL_ASST_INSTRMNT_INDVDLLY_ASSSSD_TYP,A3A3C77D-0366-9768-FF89-1C25E56881C8,562,2,,,VARCHAR2,String
5C7FD197-9D82-138B-ED13-DFC7167556D7,Non-financial asset and non-financial liability type,254,NN_FNNCL_ASST_NN_FNNCL_LBLTY_TYP,A3A3C77D-0366-9768-FF89-1C25E56881C8,562,4,,,VARCHAR2,String
6ED1A254-93E8-4BCC-BD8B-126227470ACD,Non-negative integers,255,INTGR_NN_NGTV,LOGDT011,522,,,,INTEGER,Integer
FAA20A39-31D6-458E-8297-A7FD01A6501F,Non-negative monetary amounts with 2 decimals,256,MNTRY_NN_NGTV_2D,LOGDT026,513,,,,NUMBER,DECIMAL
C8D91A05-701D-DB9F-7426-549016A2D4D9,Non-negative real numbers with 0 decimals,257,RL_NN_NGTV_0D,LOGDT022,536,,0,,REAL,REAL
2C968BC4-71A1-4A15-B562-1EBD51BE44D3,Non-negative real numbers with 2 decimals,258,RL_NN_NGTV_2D,LOGDT026,513,,,,NUMBER,DECIMAL
CF034369-99A0-8FFB-2215-9EE7634141C5,Non-performing exit criteria met indicator (Input Layer),259,NN_PRFRMNG_EXT_CRTR_INDCTR_INPT,A3A3C77D-0366-9768-FF89-1C25E56881C8,562,1,,,VARCHAR2,String
B2220A93-E6EB-42BE-88D9-0BFEF7B92900,Non-performing exposure performing status reason,260,NN_PRFRMNG_EXPSR_PRFRMNG_STTS_RSN,A3A3C77D-0366-9768-FF89-1C25E56881C8,562,1,,,VARCHAR2,String
F88013CE-0450-6ED0-E62F-A5AC72213D59,Non-performing prior to forbearance indicator,261,NN_PRFRMNG_PRR_FRBRNC_INDCTR,A3A3C77D-0366-9768-FF89-1C25E56881C8,562,1,,,VARCHAR2,String
418321e8-2941-4937-bd6f-6d58cdcfac8b,Non-performing prior to forbearance indicator (Input Layer),262,NN_PRFRMNG_PRR_FRBRNC_INDCTR_INPT,A3A3C77D-0366-9768-FF89-1C25E56881C8,562,1,,,VARCHAR2,String
70d5c86f-4390-47d4-bf13-4e776feab01a,Non-registered collateral type,263,NN_RGSTRD_PRTCN_TYP,A3A3C77D-0366-9768-FF89-1C25E56881C8,562,2,,,VARCHAR2,String
911A3F10-DBE8-E5EF-2FC4-110C1277C529,Non-retail exposure financial asset instrument type,264,NN_RTL_EXPSR_FNNCL_ASST_INSTRMNT_TYP,A3A3C77D-0366-9768-FF89-1C25E56881C8,562,2,,,VARCHAR2,String
5b0b10c5-abc7-4102-a854-27ecf2cd3c95,NUTS 3 codes,265,NUTS3_INPT,A3A3C77D-0366-9768-FF89-1C25E56881C8,562,5,,,VARCHAR2,String
B0723CA9-E9FC-6603-BC4A-BD520059A198,NUTS 3 codes (Input Layer),266,NUTS3_INPT,A3A3C77D-0366-9768-FF89-1C25E56881C8,562,5,,,VARCHAR2,String
7F2AE8E6-0698-BC9E-A477-9B051CBBB62B,Obtained collateral received instrument type,267,OBTND_CLLTRL_RCVD_INSTRMNT_TYP,A3A3C77D-0366-9768-FF89-1C25E56881C8,562,2,,,VARCHAR2,String
57F0D290-1F76-6587-2A42-C5B56CC1D26E,Obtained collateral received instrument type (Input layer),268,OBTND_CLLTRL_RCVD_INSTRMNT_TYP_INPT,A3A3C77D-0366-9768-FF89-1C25E56881C8,562,2,,,VARCHAR2,String
72B1CCB2-1A0A-3F09-38D4-0BADD3E61CD5,Obtained collateral type,269,CLLTRL_OBTND_TYP,A3A3C77D-0366-9768-FF89-1C25E56881C8,562,2,,,VARCHAR2,String
0FCCC46C-A99F-9F3B-113F-B2CB16C0B74E,Off-balance instrument type,270,OFF_BLNC_INSTRMNT_TYP,A3A3C77D-0366-9768-FF89-1C25E56881C8,562,4,,,VARCHAR2,String
F14E1BB9-D534-031A-7667-7910C3C21920,Off-balance sheet item given instrument by forbearance status type,271,OFF_BLNC_SHT_ITM_GVN_INSTRMNT_FRBRNC_STTS_TYP,A3A3C77D-0366-9768-FF89-1C25E56881C8,562,3,,,VARCHAR2,String
071918C6-F317-2648-9BF0-C6315CDA13FC,Offices and commercial premises collateral indicator,272,OFFC_CMMRCL_PRMS_CLLTRL_INDCTR,A3A3C77D-0366-9768-FF89-1C25E56881C8,562,3,,,VARCHAR2,String
EE2A8421-3265-03DB-0BB7-A1F366ACDF51,Organisational unit type,273,ORGNSTNL_UNT_TYP,A3A3C77D-0366-9768-FF89-1C25E56881C8,562,2,,,VARCHAR2,String
6150484D-1093-F5B0-6591-4087D06D62C7,Organisation role type,274,ORGNSTN_RL_TYP,A3A3C77D-0366-9768-FF89-1C25E56881C8,562,2,,,VARCHAR2,String
41717139-7014-6FCC-0AE8-9ADAA81728FB,Organisation type,275,ORGNSTN_TYP,A3A3C77D-0366-9768-FF89-1C25E56881C8,562,2,,,VARCHAR2,String
F35BD96B-A013-2ACD-CE38-E2D5E4C735C2,Organisation type by legal proceeding status,276,ORGNSTN_BY_PRCDNG_STTS,A3A3C77D-0366-9768-FF89-1C25E56881C8,562,2,,,VARCHAR2,String
5E4AA4E6-A4E3-06B8-9167-DAFFAA73263E,Organisation type by legal proceeding status (Input Layer),277,ORGNSTN_BY_PRCDNG_STTS_INPT,A3A3C77D-0366-9768-FF89-1C25E56881C8,562,2,,,VARCHAR2,String
4D68CF72-6165-604E-B378-F99B2034CC9B,Original maturity interval,278,TM_INTRVL_SHSG4_NON_ISIN_1_ORGNL_MTRTY_INTRVL_REF,A3A3C77D-0366-9768-FF89-1C25E56881C8,562,2,,,VARCHAR2,String
2082F27A-5436-5662-2FBA-E3C804568CBC,OTC Option type,279,OTC_OPTN_TYP,A3A3C77D-0366-9768-FF89-1C25E56881C8,562,2,,,VARCHAR2,String
D67C44FC-4B59-50D0-6DD5-F58EADCB586D,OTC Swap type,280,OTC_SWP_TYP,A3A3C77D-0366-9768-FF89-1C25E56881C8,562,1,,,VARCHAR2,String
1CE369B3-67A8-F57D-6541-FC411CC7783D,Other deposit type,281,OTHR_DPST_TYP,A3A3C77D-0366-9768-FF89-1C25E56881C8,562,3,,,VARCHAR2,String
D7BAEEB4-DA74-F0AB-9AC4-FED86CB24E90,Other intangible asset taken into possession type,282,OTHR_INTNGBL_ASSTS_TKN_INT_PSSSSN_TYP,A3A3C77D-0366-9768-FF89-1C25E56881C8,562,2,,,VARCHAR2,String
1224EF36-6634-F536-97D5-A2208ED6EBD0,Other intangible asset taken into possession type (Input Layer),283,OTHR_INTNGBL_ASSTS_TKN_INT_PSSSSN_TYP_INPT,A3A3C77D-0366-9768-FF89-1C25E56881C8,562,2,,,VARCHAR2,String
4C9846B1-63C0-50A0-8EB4-EE28E7356A6F,Other intangible asset type,284,OTHR_INTGBL_ASST_TYP,A3A3C77D-0366-9768-FF89-1C25E56881C8,562,2,,,VARCHAR2,String
8AD6C6C2-0E4B-ADFA-B143-E601529ADCD7,Other non-financial asset type,285,OTHR_NN_FNNCL_ASST_TYP,A3A3C77D-0366-9768-FF89-1C25E56881C8,562,2,,,VARCHAR2,String
a58123d6-f2f1-4847-9648-764dc7ed6af2,Other organisation role type,286,OTHR_ORGNSTN_RL_TYP,A3A3C77D-0366-9768-FF89-1C25E56881C8,562,2,,,VARCHAR2,String
08DA736C-1873-DC8E-04A6-0016296DD74D,Other organisation type,287,OTHR_ORGNSTN_TYP,A3A3C77D-0366-9768-FF89-1C25E56881C8,562,2,,,VARCHAR2,String
9D806F2E-413E-42D3-9703-01AED85DF63C,Overdraft indicator,288,OVRDRFT_INDCTR,A3A3C77D-0366-9768-FF89-1C25E56881C8,562,1,,,VARCHAR2,String
D332C1BF-3235-E0FE-BB8C-FA00DC3DAB46,Overdraft indicator (Input layer),289,OVRDRFT_INDCTR_INPT,A3A3C77D-0366-9768-FF89-1C25E56881C8,562,1,,,VARCHAR2,String
0CBDE277-054B-DEC4-FD6A-1E9A4E365DEB,Overnight deposit type,290,OVRNGHT_DPST_TYP,A3A3C77D-0366-9768-FF89-1C25E56881C8,562,2,,,VARCHAR2,String
0DC0AE14-012A-4884-AACA-5A70E74A0861,Over the counter (OTC) Derivative hedge accounting standard type,291,OTC_DRVTV_HDG_ACCNTNG_STNDRD_TYP,A3A3C77D-0366-9768-FF89-1C25E56881C8,562,1,,,VARCHAR2,String
D0D31557-00E7-E87D-3EAE-326614E90CFE,Over the counter (OTC) Derivative instrument type,292,OVR_CNTR_DRVTV_INSTRMNT_TYP,A3A3C77D-0366-9768-FF89-1C25E56881C8,562,3,,,VARCHAR2,String
349AC89A-5AAB-E070-84D0-FA8227AC4745,Over the counter (OTC) derivative role type,293,OTC_DRVTV_RL_TYP,A3A3C77D-0366-9768-FF89-1C25E56881C8,562,1,,,VARCHAR2,String
D6C671F7-ADDD-B4D1-83C9-09B3E1C98CEC,Own company investment indicator,294,OWN_CMPNY_INVSTMNT_INDCTR,A3A3C77D-0366-9768-FF89-1C25E56881C8,562,1,,,VARCHAR2,String
0B366D74-AFE0-2ED9-B299-117C34CF64E4,Own company investment indicator (Input Layer),295,OWN_CMPNY_INVSTMNT_INDCTR_INPT,A3A3C77D-0366-9768-FF89-1C25E56881C8,562,1,,,VARCHAR2,String
9C79DE32-87B5-4B9E-B1DA-B8B54D2DF409,Party code type,296,PRTY_CD_TYP,A3A3C77D-0366-9768-FF89-1C25E56881C8,562,1,,,VARCHAR2,String
D0551245-E927-3180-FE42-C9D973931F73,Party role type,297,PRTY_RL_TYP,A3A3C77D-0366-9768-FF89-1C25E56881C8,562,2,,,VARCHAR2,String
3DD42234-B0F5-E4C9-F931-4D20C6EF5FAA,Party role type (Input Layer),298,TYP_PRTY_RL_INPT,A3A3C77D-0366-9768-FF89-1C25E56881C8,562,2,,,VARCHAR2,String
3D1FE49C-E173-5227-8023-0D8E7B0E51D1,Party type,299,PRTY_TYP,A3A3C77D-0366-9768-FF89-1C25E56881C8,562,2,,,VARCHAR2,String
FEB235F2-A1BB-96E9-4B11-78DB13A633F5,Party type by address,300,PRTY_TYP_ADDRSS,A3A3C77D-0366-9768-FF89-1C25E56881C8,562,1,,,VARCHAR2,String
95357A83-3BFE-4CFB-BD9B-46253ABDFBBF,Party type by address (Input Layer),301,PRTY_TYP_ADDRSS_INPT,A3A3C77D-0366-9768-FF89-1C25E56881C8,562,3,,,VARCHAR2,String
0954E815-84CB-CAF6-8CB2-D30B3D7B033D,Past due financial asset instrument indicator,302,PST_DU_FNNCL_ASST_INSTRMNT_INDCTR,A3A3C77D-0366-9768-FF89-1C25E56881C8,562,2,,,VARCHAR2,String
2E09906C-2688-2312-2832-04FD9228BCE9,Past due financial asset instrument indicator (Input Layer),303,PST_DU_FNNCL_ASST_INSTRMNT_INDCTR_INPT,A3A3C77D-0366-9768-FF89-1C25E56881C8,562,2,,,VARCHAR2,String
7729ef45-af00-4b2d-b134-9612797deb10,Payment frequency,304,FRQNCY_PYMNT,A3A3C77D-0366-9768-FF89-1C25E56881C8,562,2,,,VARCHAR2,String
4c6671ae-3a77-4284-a171-592aba604192,Payment frequency (Input Layer),305,FRQNCY_PYMNT_INPT,A3A3C77D-0366-9768-FF89-1C25E56881C8,562,2,,,VARCHAR2,String
446F78C5-CA53-434F-A67B-6D5478ED4317,Performing exposure performing status reason,306,PRFRMNG_EXPSR_PRFRMNG_STTS_RSN,A3A3C77D-0366-9768-FF89-1C25E56881C8,562,1,,,VARCHAR2,String
38F97F83-D9A9-4896-1F56-2ED6CA576232,Performing forborne exposure under probation reclassified from non-performing indicator,307,PRFRMNG_FRBRN_EXPSR_PRBTN_RCLD_NN_PRFRMNG_INDCTR,A3A3C77D-0366-9768-FF89-1C25E56881C8,562,1,,,VARCHAR2,String
b6a03089-70fd-4f79-91f3-6714a8cc9403,Performing forborne exposure under probation reclassified from non-performing indicator (Input Layer),308,P_FRBRN_EXPSR_PRBTN_RCLD_NP_INPT,A3A3C77D-0366-9768-FF89-1C25E56881C8,562,1,,,VARCHAR2,String
19a7fc91-04c5-4426-a4f7-d0698d7615c8,Performing status,309,PRFRMNG_STTS,A3A3C77D-0366-9768-FF89-1C25E56881C8,562,2,,,VARCHAR2,String
B1327DE2-6BB7-822B-5B67-CDF7E9B25B5A,Performing Status (Input Layer),310,PRFRMNG_STTS_INPT,A3A3C77D-0366-9768-FF89-1C25E56881C8,562,2,,,VARCHAR2,String
DAD0EBDC-488E-1BB8-0C1D-C0B6C87C30C6,Performing status reason,311,PRFRMNG_STTS_RSN,A3A3C77D-0366-9768-FF89-1C25E56881C8,562,1,,,VARCHAR2,String
737242CA-F3EA-266E-22C5-82B4736897BF,Performing Status reason (Input Layer),312,PRFRMNG_STTS_RSN_INPT,A3A3C77D-0366-9768-FF89-1C25E56881C8,562,1,,,VARCHAR2,String
1E07F0F4-F276-5E35-743E-5A366E019807,Perpetual debt security indicator,313,PRPTL_DBT_SCRTY_INDCTR,A3A3C77D-0366-9768-FF89-1C25E56881C8,562,2,,,VARCHAR2,String
CF822F64-99BD-84EA-CDD4-5548E402742B,Perpetual debt security indicator (Input Layer),314,PRPTL_DBT_SCRTY_INDCTR_INPT,A3A3C77D-0366-9768-FF89-1C25E56881C8,562,2,,,VARCHAR2,String
e65b0e41-e977-4f06-ae5f-07de8a14262b,Physical collateral type,315,PHYSCL_PRTCTN_TYP,A3A3C77D-0366-9768-FF89-1C25E56881C8,562,2,,,VARCHAR2,String
D0352C45-53DB-31CC-520B-8FE7C83B35E4,Planning permission for development indicator,316,PLNNNG_PRMSSN_DVLPMNT_INDCTR,A3A3C77D-0366-9768-FF89-1C25E56881C8,562,1,,,VARCHAR2,String
0B008583-BD61-13DD-AE75-2AFD4E6466C4,Planning permission indicator (Input Layer),317,PLNNNG_PRMSSN_INDCTR_INPT,A3A3C77D-0366-9768-FF89-1C25E56881C8,562,1,,,VARCHAR2,String
14C89E8C-F57F-4505-832D-C97676924FD1,Positive and negative monetary amounts with 2 decimals,318,MNTRY_ALL_2D,LOGDT026,513,,2,,NUMBER,DECIMAL
677D9EBA-60AD-8D48-F7CE-C433A0437BD4,Postal code type,319,PSTL_CD_TYP,A3A3C77D-0366-9768-FF89-1C25E56881C8,562,1,,,VARCHAR2,String
488D195E-DCDF-B54E-6A64-F232A32A43BE,Potential retail exposure class financial asset instrument type,320,PTNTL_RTL_EXPSR_CLSS_FNNCL_ASST_INSTRMNT_TYP,A3A3C77D-0366-9768-FF89-1C25E56881C8,562,2,,,VARCHAR2,String
cb0c0767-a13c-4be8-adef-927c6f7690e5,Primary asset class of cover pool,321,PRMRY_ASST_CLSS_CVR_PL,A3A3C77D-0366-9768-FF89-1C25E56881C8,562,1,,,VARCHAR2,String
251B637B-3B26-1956-1407-FF288B7D6DF6,Primary asset class of the cover pool (Input Layer),322,PRMRY_ASST_CLSS_CVR_PL_INPT,A3A3C77D-0366-9768-FF89-1C25E56881C8,562,1,,,VARCHAR2,String
964D5F54-A5F0-CB53-F5C3-5C7834089EEB,Primary protection provider indicator,323,PRMRY_PRTCTN_PRVDR_INDCTR,A3A3C77D-0366-9768-FF89-1C25E56881C8,562,1,,,VARCHAR2,String
F280EF3B-D5EA-8BEB-EFD4-D54B56058AD3,Project finance loan indicator,324,PRJCT_FNNC_LN_INDCTR,A3A3C77D-0366-9768-FF89-1C25E56881C8,562,1,,,VARCHAR2,String
97e8261f-3200-4a1a-b004-e71c1c11302a,Project finance loan indicator (Input Layer),325,PRJCT_FNNC_LN_INDCTR_INPT,A3A3C77D-0366-9768-FF89-1C25E56881C8,562,1,,,VARCHAR2,String
FBB5055B-5C5D-E32D-BCC5-C8F5EBA85111,"Property, plant and equipment not taken into possession software assets indicator",326,PPRTY_PLNT_EQPMNT_NT_TKN_INT_PSSSSN_SFTWR_ASSTS_INDCTR,A3A3C77D-0366-9768-FF89-1C25E56881C8,562,4,,,VARCHAR2,String
15030609-D44F-FA13-902C-9622C01FBC23,"Property, plant and equipment taken into possession software assets indicator",327,PRPRTY_PLNT_EQPMNT_TKN_INT_PSSSSN_SFTWR_ASST_INDCTR,A3A3C77D-0366-9768-FF89-1C25E56881C8,562,2,,,VARCHAR2,String
E14BF983-C771-5604-66D8-6B1654530A00,"Property, plant and equipment taken into possession type",328,PRPRTY_PLNT_EQPMNT_TKN_INT_PSSSSN_TYP,A3A3C77D-0366-9768-FF89-1C25E56881C8,562,2,,,VARCHAR2,String
0E898BA8-D8DF-126C-11F7-224AEF809D8E,"Property, plant and equipment type",329,TYP_PRPRTY_PLNT_EQPMNT,A3A3C77D-0366-9768-FF89-1C25E56881C8,562,2,,,VARCHAR2,String
DED0DDBC-D6A0-815D-A859-B15818550FF9,Property plant and equipment not taken into possession software assets indicator (Input Layer),330,PPRTY_PLNT_EQPMNT_NT_TKN_INT_PSSSSN_SFTWR_ASSTS_INDCTR_INPT,A3A3C77D-0366-9768-FF89-1C25E56881C8,562,4,,,VARCHAR2,String
8FA4F262-1570-9F27-D4E6-66B2D950E9E1,Property plant and equipment taken into possession software assets indicator (Input Layer),331,PPRTY_PLNT_EQPMNT_TKN_INT_PSSSSN_SFTWR_ASSTS_INDCTR_INPT,A3A3C77D-0366-9768-FF89-1C25E56881C8,562,2,,,VARCHAR2,String
0031DA37-2BAA-AED5-DF52-8A1F7A5A849B,Property plant and equipment taken into possession type (Input Layer),332,PRPRTY_PLNT_EQPMNT_TKN_INT_PSSSSN_TYP_INPT,A3A3C77D-0366-9768-FF89-1C25E56881C8,562,2,,,VARCHAR2,String
CBB712F5-0C3C-4655-82DA-81AD2DD2BBE5,Protection arrangement instrument reuse indicator,333,PRTCTN_ARRNGMNT_RS_INDCTR,A3A3C77D-0366-9768-FF89-1C25E56881C8,562,1,,,VARCHAR2,String
97008031-8CB6-66D4-3B03-FC310EF05DA1,Protection arrangement instrument reuse indicator (Input layer),334,PRTCTN_ARRNGMNT_RS_INDCTR_INPT,A3A3C77D-0366-9768-FF89-1C25E56881C8,562,1,,,VARCHAR2,String
BF3F5E49-902F-48B2-AE67-4C33CC7F9C5D,Protection arrangement role type,335,PRTCTN_ARRNGMNT_RL_TYP,A3A3C77D-0366-9768-FF89-1C25E56881C8,562,1,,,VARCHAR2,String
B5D2F755-DAB5-1CB3-EF46-B1F4EDCB6A47,Protection arrangement role type (Input layer),336,PRTCTN_ARRNGMNT_RL_TYP,A3A3C77D-0366-9768-FF89-1C25E56881C8,562,1,,,VARCHAR2,String
B9DB1A81-3460-FB12-F411-E6E8802BE4FD,Protection arrangement type,337,PRTCN_ARRNGMNT_TYP,A3A3C77D-0366-9768-FF89-1C25E56881C8,562,1,,,VARCHAR2,String
769d0172-a5b7-43b4-b2b6-354fd6af324f,Protection valuation approach,338,PRTCTN_VLTN_APPRCH,A3A3C77D-0366-9768-FF89-1C25E56881C8,562,1,,,VARCHAR2,String
EA1EB444-FC71-BD27-F54A-104DEBBA126E,Provision type,339,PRVSN_TYP,A3A3C77D-0366-9768-FF89-1C25E56881C8,562,4,,,VARCHAR2,String
9ECA7EA5-B456-4AD8-AA91-4AD16E2D4AD7,Prudential portfolio,340,PRDNTL_PRTFL,A3A3C77D-0366-9768-FF89-1C25E56881C8,562,1,,,VARCHAR2,String
9B3B29CA-C36C-6C02-D71B-3A6750D41027,Prudential Portfolio (Input Layer),341,PRDNTL_PRTFL_INPT,A3A3C77D-0366-9768-FF89-1C25E56881C8,562,1,,,VARCHAR2,String
EF4AB955-8D95-4513-ED02-71FE4460FA83,Prudential portfolio type (Input Layer),342,PRDNTL_PRTFL_INPT,A3A3C77D-0366-9768-FF89-1C25E56881C8,562,1,,,VARCHAR2,String
CEC28C26-EB1B-4728-B461-46A2631F6A33,Pseudo-ISO code for international organisations of the Eurostat’s ‘Balance of Payments Vademecum’.,343,INTRNTNL_ORGNSTNS,A3A3C77D-0366-9768-FF89-1C25E56881C8,562,3,,,VARCHAR2,String
4da9d8a2-f979-4cc6-93fd-b616088b9f61,Pseudo-ISO code for international organisations of the Eurostat’s ‘Balance of Payments Vademecum’ (Input Layer),344,INTRNTNL_ORGNSTNS_INPT,A3A3C77D-0366-9768-FF89-1C25E56881C8,562,3,,,VARCHAR2,String
F353CD2B-A6B9-8455-04B2-775C2797AF77,Pulling effect indicator,345,PLLNG_EFFCT_INDCTR,A3A3C77D-0366-9768-FF89-1C25E56881C8,562,1,,,VARCHAR2,String
e8d48f75-7f04-4965-8635-3121c8653d54,Pulling effect indicator (Input Layer),346,PLLNG_EFFCT_INDCTR_INPT,A3A3C77D-0366-9768-FF89-1C25E56881C8,562,1,,,VARCHAR2,String
806e5236-b00c-43e6-8c82-c69f8f415db8,Purpose (Input Layer),347,PRPS_INPT,A3A3C77D-0366-9768-FF89-1C25E56881C8,562,2,,,VARCHAR2,String
2078935d-1737-4bb9-9d29-db62cdd50597,Purpose type,348,PRPS,A3A3C77D-0366-9768-FF89-1C25E56881C8,562,2,,,VARCHAR2,String
F2695C17-41C3-AFA6-53A1-BA53E3B7900C,Rating grade credit quality,349,RTNG_GRD_CRDT_QLTY,A3A3C77D-0366-9768-FF89-1C25E56881C8,562,1,,,VARCHAR2,String
03DAE4FB-D0DC-54E4-5413-8081B5A983A1,Rating grade for issuer based rating systems type,350,RTNG_GRD_ISSR_BSD_RTNG_SYSTM,A3A3C77D-0366-9768-FF89-1C25E56881C8,562,1,,,VARCHAR2,String
70AA36A8-80B3-A8BA-3E96-1CF3482AE5FC,Rating grade type,351,RTNG_GRD_TYP,A3A3C77D-0366-9768-FF89-1C25E56881C8,562,1,,,VARCHAR2,String
DF2F2C2A-D191-6FB6-7788-03BA7337FF6F,Rating grade type (Input Layer),352,TYP_RTNG_GRD_INPT,A3A3C77D-0366-9768-FF89-1C25E56881C8,562,1,,,VARCHAR2,String
1FA07E1E-D9B6-848D-3994-82C9E3284E5A,Rating system type by nature (Grade vs. Numeric) type,353,RTN_SYSTM_TYP_NTR,A3A3C77D-0366-9768-FF89-1C25E56881C8,562,1,,,VARCHAR2,String
195B0D40-9E5A-D35E-9B81-A73593D421A6,Rating system type by target (Input Layer),354,RTNG_SYSTM_TYP_TRGT_INPT,A3A3C77D-0366-9768-FF89-1C25E56881C8,562,1,,,VARCHAR2,String
436AFE26-8093-AB5E-9934-2AED0E5C8233,Rating system type by target (Issue vs. Issuer based) type,355,RTNG_SYSTM_TYP_TRGT,A3A3C77D-0366-9768-FF89-1C25E56881C8,562,1,,,VARCHAR2,String
bd938efd-efca-482c-a9ca-102cab79784f,Real estate collateral location type,356,RL_ESTT_PRTCTN_TYP,A3A3C77D-0366-9768-FF89-1C25E56881C8,562,2,,,VARCHAR2,String
BA864143-0BB2-5696-C1AE-F694060E9FC5,Real estate collateral location type (Input Layer),357,RL_ESTT_CLLTRL_LCTN_INPT,A3A3C77D-0366-9768-FF89-1C25E56881C8,562,2,,,VARCHAR2,String
A6FB7A00-F314-B3E4-6E4A-83130601409F,Real estate collateral type,358,RL_ESTT_CLLTRL_TYP,A3A3C77D-0366-9768-FF89-1C25E56881C8,562,2,,,VARCHAR2,String
8100266E-F750-48D0-B98A-821400187560,Real numbers from 0 to 1 with 6 decimals,359,RL_0TO1_6D,LOGDT026,513,,,,NUMBER,DECIMAL
BC929BBF-3702-4146-9332-0B5F419F991E,Real numbers positive or negative with 6 decimals,360,RL_ALL_6D,LOGDT026,513,,6,,NUMBER,DECIMAL
A602B33C-0004-D05B-A4E1-4A2339C606D8,Real numbers with 2 decimals,361,RL_ALL_2D,LOGDT026,513,,,,NUMBER,DECIMAL
DDEEC8AD-C494-4F26-A1E3-350E54937DEF,Recognition status (Input Layer),362,BLNC_SHT_RCGNTN_FNNCL_ASST_INPT,A3A3C77D-0366-9768-FF89-1C25E56881C8,562,1,,,VARCHAR2,String
97636C07-9CCB-CE11-1E22-28B347BBC4DA,Recourse indicator (Input Layer),363,EXPSR_RCRS_INDCTR_INPT,A3A3C77D-0366-9768-FF89-1C25E56881C8,562,1,,,VARCHAR2,String
31ADF990-BD91-4DEE-BE00-9C0B6072B635,Reference rate,364,RFRNC_RT,A3A3C77D-0366-9768-FF89-1C25E56881C8,562,3,,,VARCHAR2,String
7ebb6bc5-1fec-4d23-99b5-d1b960b25f2a,Reference rate (Input Layer),365,RFRNC_RT_INPT,A3A3C77D-0366-9768-FF89-1C25E56881C8,562,3,,,VARCHAR2,String
f5d73947-ad57-46cf-8035-1bd5b96ed8d9,Registered collateral type,366,RGSTRD_PRTCN_TYP,A3A3C77D-0366-9768-FF89-1C25E56881C8,562,2,,,VARCHAR2,String
96E51017-A4F3-57E8-11FC-AED9866E82A3,Registered Postal Code system country type,367,RGSTRD_PSTL_CD_SYSTM_CNTRY_TYP,A3A3C77D-0366-9768-FF89-1C25E56881C8,562,1,,,VARCHAR2,String
59570B4A-4CF0-B1A5-20CD-2F726C42FA63,Registered postal code system party,368,RGSTRD_PSTL_CD_SYSTM_PRTY,A3A3C77D-0366-9768-FF89-1C25E56881C8,562,3,,,VARCHAR2,String
8442BF8C-FB47-DF24-CF67-45E8F7B04BDF,Renegotiated financial asset instrument type,369,RNGTTD_FNNCL_ASST_INSTRMNT_TYP,A3A3C77D-0366-9768-FF89-1C25E56881C8,562,2,,,VARCHAR2,String
16D8BDBB-3C8A-53D8-9966-1A813475F1FE,Renegotiation status,370,RNGTTN_STTS,A3A3C77D-0366-9768-FF89-1C25E56881C8,562,1,,,VARCHAR2,String
bbff53b5-19b3-4367-a356-28bb6e4af3c0,Repayment rights,371,RPYMNT_RGHTS,A3A3C77D-0366-9768-FF89-1C25E56881C8,562,1,,,VARCHAR2,String
e960f06b-6a72-40e7-bfec-59ade4e4808b,Repayment rights (Input Layer),372,RPYMNT_RGHTS_INPT,A3A3C77D-0366-9768-FF89-1C25E56881C8,562,1,,,VARCHAR2,String
B4EC1EB6-B4CF-3F87-6349-5C54D23FD2B2,Repurchase agreement component type,373,RPRCHS_AGRMNT_TYP,A3A3C77D-0366-9768-FF89-1C25E56881C8,562,1,,,VARCHAR2,String
83293803-CF66-745E-70BF-2FA8734A50D2,Repurchase agreement component type (Input Layer),374,RPRCHS_AGRMNT_CMPNNT_TYP_INPT,A3A3C77D-0366-9768-FF89-1C25E56881C8,562,1,,,VARCHAR2,String
41a7c1e6-ccd0-4e1c-9775-84378911c419,Repurchase agreement instrument type,375,RPRCHS_AGRMNT_INSTRMNT_TYP,A3A3C77D-0366-9768-FF89-1C25E56881C8,562,2,,,VARCHAR2,String
E8DB2E40-B5D7-323B-18D4-4DDB76A9172F,Re-securitisation indicator,376,RSCRTSTN_INDCTR,A3A3C77D-0366-9768-FF89-1C25E56881C8,562,1,,,VARCHAR2,String
85A72566-C4C7-D7B8-7BCB-6243CE0CDA7A,Residual maturity band,377,RSDL_MTRTY_BND,A3A3C77D-0366-9768-FF89-1C25E56881C8,562,3,,,VARCHAR2,String
4861890f-2919-447f-89ae-cc163e360d2b,"Retail exposure accordign to CRR, Article 123 (b) indicator",378,RTL_EXPSR_ACCRDNG_CRR_INDCTR,A3A3C77D-0366-9768-FF89-1C25E56881C8,562,1,,,VARCHAR2,String
88CC2B93-087E-44C1-9F7E-23A0F9331BEC,Retained debt security indicator,379,RTND_DBT_SCRTY_INDCTR,A3A3C77D-0366-9768-FF89-1C25E56881C8,562,1,,,VARCHAR2,String
89A4F84F-9620-8815-D334-7F3875BEACF8,Retained debt security indicator (Input layer),380,RTND_DBT_SCRTY_INDCTR_INPT,A3A3C77D-0366-9768-FF89-1C25E56881C8,562,1,,,VARCHAR2,String
2821B0F3-AE6E-1E7C-57AE-BEB48609CF66,Revocable indicator,381,RVCBL_INDCTR,A3A3C77D-0366-9768-FF89-1C25E56881C8,562,1,,,VARCHAR2,String
E91C9DBE-A2F1-9EAD-84A2-1654E080BB51,Revocable indicator (Input Layer),382,RVCBL_INDCTR_INPT,A3A3C77D-0366-9768-FF89-1C25E56881C8,562,1,,,VARCHAR2,String
B44B2A50-A4A4-05AC-804F-7F7003F3F307,Revolving loan indicator,383,RVLVNG_LN_INDCTR,A3A3C77D-0366-9768-FF89-1C25E56881C8,562,1,,,VARCHAR2,String
ae64ef49-7b52-40e1-a839-c9685a937dfe,Revolving loan indicator (Input Layer),384,RVLVNG_LN_INDCTR_INPT,A3A3C77D-0366-9768-FF89-1C25E56881C8,562,1,,,VARCHAR2,String
B5E79572-5DA4-894F-B857-347805103E67,Risk class,385,RSK_CLSS,A3A3C77D-0366-9768-FF89-1C25E56881C8,562,1,,,VARCHAR2,String
41D9833B-AA71-8E94-FFB9-200B9E425D0F,Risk measure type,386,FRTB_RSK_MSR_TYP,A3A3C77D-0366-9768-FF89-1C25E56881C8,562,1,,,VARCHAR2,String
2ADE46DB-96A6-76D2-380A-ADBC566915E8,Risk measure type by position,387,RSK_MSR_TYP_PSTN,A3A3C77D-0366-9768-FF89-1C25E56881C8,562,1,,,VARCHAR2,String
350FB9DF-B4AD-E802-919E-7B0BD640168D,Securities borrowing and lending transaction including cash as collateral component type,388,SCTRY_BRRWNG_LNDNG_TRNSCTN_INCLDNG_CSH_CLLTRL_TYP,A3A3C77D-0366-9768-FF89-1C25E56881C8,562,1,,,VARCHAR2,String
C13E13D0-FCEF-E304-B215-EAFFA7EF3B21,Securities financial transaction type,389,SFT_TYP,A3A3C77D-0366-9768-FF89-1C25E56881C8,562,2,,,VARCHAR2,String
40F9B794-48DF-E81D-AC04-11D1F47355F1,Securitisation and other credit transfer type,390,SCRTSN_OTHR_CRDT_TRNSFR_TYP,A3A3C77D-0366-9768-FF89-1C25E56881C8,562,1,,,VARCHAR2,String
1E7B8C9D-ED5F-063E-3CFA-EFEE110DA453,Securitisation tranche type,391,SCRTSTN_TRNCH_TYP,A3A3C77D-0366-9768-FF89-1C25E56881C8,562,1,,,VARCHAR2,String
1ADAB7F7-56CE-611E-81A1-F69975C4402A,Securitisation tranche type (Input layer),392,SCRTSTN_TRNCH_TYP_INPT,A3A3C77D-0366-9768-FF89-1C25E56881C8,562,1,,,VARCHAR2,String
61F98428-90E3-144D-C92C-865F42E50ED6,Securitisation type,393,SCRTSN_TYP,A3A3C77D-0366-9768-FF89-1C25E56881C8,562,1,,,VARCHAR2,String
C233EB19-C027-4988-A2DD-FFCC321E3DB3,Security/Security Collateral lending component indicator,394,SCRTY_LNDNG_CMPNNT_INDCTR,A3A3C77D-0366-9768-FF89-1C25E56881C8,562,2,,,VARCHAR2,String
623F812D-EB01-6DC6-FCAA-E04FD023E758,Security borrowing and lending transaction component type by direction,395,SCRTY_BRRWNG_LNDNG_TRNSCTN_CMPNNT_BY_DRCTN,A3A3C77D-0366-9768-FF89-1C25E56881C8,562,2,,,VARCHAR2,String
BD0D7165-F5D8-E829-B14C-5B2D8F34CC0F,Security borrowing and lending transaction component type by direction (Input layer),396,SCRTY_BRRWNG_LNDNG_TRNSCTN_CMPNNT_BY_DRCTN_INPT,A3A3C77D-0366-9768-FF89-1C25E56881C8,562,2,,,VARCHAR2,String
897CAFE0-D0E2-5120-4844-1F27BD1BCEAC,Security borrowing and lending transaction component type by Security type,397,SCRTY_BRRWNG_LNDNG_TRNSCTN_CMPNNT_TYP_BY_SCRTY_TYP,A3A3C77D-0366-9768-FF89-1C25E56881C8,562,1,,,VARCHAR2,String
A5F92DFC-3067-4DEB-53AA-624B5CBCB6F2,Security borrowing and lending transaction type,398,SCRTY_BRRWNG_LNDNG_TRNSCTN_TYP,A3A3C77D-0366-9768-FF89-1C25E56881C8,562,2,,,VARCHAR2,String
0E0F881B-CDE8-26D7-169E-1A001659F05A,Security Entity role assignment type,399,SCRTY_ENTTY_RL_ASSGNMNT_TYP,A3A3C77D-0366-9768-FF89-1C25E56881C8,562,1,,,VARCHAR2,String
EB80492A-57BB-7600-D274-443154C0132C,Security or Exchange tradable derivative position type,400,SCRTY_EXCHNG_TRDBL_DRVTV_PSTN_TYP,A3A3C77D-0366-9768-FF89-1C25E56881C8,562,1,,,VARCHAR2,String
1855c34f-e1ac-48a2-a78a-d678332bd7e7,Security or exchange tradable derivative type,401,SCRTY_EXCHNG_TRDBL_DRVTV_TYP,A3A3C77D-0366-9768-FF89-1C25E56881C8,562,1,,,VARCHAR2,String
FB3512BE-C885-43DD-AC5C-D74DA26BA898,Security position by accounting standard,402,SCRTY_PSTN_BY_ACCNTNG_STNDRD,A3A3C77D-0366-9768-FF89-1C25E56881C8,562,2,,,VARCHAR2,String
76424D61-B5A2-6ECC-F058-7DC9274F4330,Security position by accounting standard (Input layer),403,SCRTY_PSTN_BY_ACCNTNG_STNDRD_INPT,A3A3C77D-0366-9768-FF89-1C25E56881C8,562,2,,,VARCHAR2,String
AEA436E0-8143-5787-B80D-42C5F9ECE6EC,Security position hedged by Over the counter (OTC) derivative type,404,SCRTY_PSTN_HDGD_OTC_DRVTV_TYP,A3A3C77D-0366-9768-FF89-1C25E56881C8,562,2,,,VARCHAR2,String
34558A50-38FF-4A25-8F18-CCFA4A9C6E8F,Security position role type,405,SCRTY_PSTN_RL_TYP,A3A3C77D-0366-9768-FF89-1C25E56881C8,562,1,,,VARCHAR2,String
F6EA1E44-3F14-9EF8-B9C7-8A5BF05E7CD6,Security position role type (Input layer),406,SCRTY_PSTN_RL_TYP_INPT,A3A3C77D-0366-9768-FF89-1C25E56881C8,562,1,,,VARCHAR2,String
C383BC87-3800-82BD-668B-B96C24A53866,Security position type,407,SCRTY_PSTN_TYP,A3A3C77D-0366-9768-FF89-1C25E56881C8,562,1,,,VARCHAR2,String
2779b7f7-65e3-48f5-8e07-29634da18b1d,Security Security repurchase agreement component assignment type,408,SCRTY_SCRTY_RPRCHS_AGRMNT_CMPNNT_ASSGNMNT_TYP,A3A3C77D-0366-9768-FF89-1C25E56881C8,562,2,,,VARCHAR2,String
F9F623D9-5AFC-4BFA-B66C-230A7A8C2271,Security status,409,SCRTY_STTS,A3A3C77D-0366-9768-FF89-1C25E56881C8,562,3,,,VARCHAR2,String
12438E37-E540-2AE5-8EA2-6BD1A679E6F3,Security status (Input Layer),410,SCRTY_STTS_INPT,A3A3C77D-0366-9768-FF89-1C25E56881C8,562,3,,,VARCHAR2,String
cdfdd45c-22e1-4282-8371-3ef6194ede6f,Security type by identifier,411,SCRTY_TYP_ID,A3A3C77D-0366-9768-FF89-1C25E56881C8,562,1,,,VARCHAR2,String
E82D2DB6-440B-2E28-9F87-A9CCBC48CCAD,Security type by identifier (Input Layer),412,SCRTY_TYP_BY_IDNTFR_INPT,A3A3C77D-0366-9768-FF89-1C25E56881C8,562,1,,,VARCHAR2,String
a986f5cd-dadd-44c9-8759-0e514ab9ed45,Security type by product,413,SCRTY_TYP_PRDCT,A3A3C77D-0366-9768-FF89-1C25E56881C8,562,2,,,VARCHAR2,String
946972ce-eb60-4d75-9a1d-966c5bc31841,Seniority,414,SNRTY,A3A3C77D-0366-9768-FF89-1C25E56881C8,562,1,,,VARCHAR2,String
BCB2B0CD-5F0B-A5E0-4D94-5DB3CE5A2DB8,Seniority (Input Layer),415,SNRTY_INPT,A3A3C77D-0366-9768-FF89-1C25E56881C8,562,1,,,VARCHAR2,String
548009F7-2BC0-D536-F5F2-A332B899494E,Shock direction,416,SHCK_DRCTN,A3A3C77D-0366-9768-FF89-1C25E56881C8,562,1,,,VARCHAR2,String
73094AB8-0E4D-2258-DD97-7562A38CAEA2,Short position accounting classification,417,SHRT_PSTN_ACCNTNG_CLSSFCTN,A3A3C77D-0366-9768-FF89-1C25E56881C8,562,2,,,VARCHAR2,String
AD0A3A8A-ACB1-E2F3-3070-BF8878071B54,Short security position Prudential portfolio assignment type,418,SHRT_SCRTY_PSTN_PRDNTL_PRTFL_ASSGNMNT_TYP,A3A3C77D-0366-9768-FF89-1C25E56881C8,562,1,,,VARCHAR2,String
FA470EAC-D872-7AB4-1FEA-4EC4985EEDB2,Short security position prudential portfolio assignment type (Input Layer),419,TYP_SHRT_SCRTY_PSTN_PRDNTL_PRTFL_ASSGNMNT_INPT,A3A3C77D-0366-9768-FF89-1C25E56881C8,562,1,,,VARCHAR2,String
54301F61-3AE9-86F6-4FB8-4FC82C8B44B8,Short term credit assessment indicator,420,SHRT_TRM_CRDT_ASSMNT_INDCTR,A3A3C77D-0366-9768-FF89-1C25E56881C8,562,1,,,VARCHAR2,String
55C335F9-250F-6751-87B5-7C15144567F2,Short trading book security position accounting standard,421,SHRT_TRDNG_BK_SCRTY_PSTN_ACCNTNG_STNDRD,A3A3C77D-0366-9768-FF89-1C25E56881C8,562,1,,,VARCHAR2,String
89975CC9-B22F-2DED-78DD-4E08EB65BDFF,Significant asset class,422,SGNFCNT_ASST_CLSS,A3A3C77D-0366-9768-FF89-1C25E56881C8,562,1,,,VARCHAR2,String
1CB87DC0-27A7-2590-7FBE-58915D8D3A86,Significant asset class (Input Layer),423,SGNFCNT_ASST_CLSS_INPT,A3A3C77D-0366-9768-FF89-1C25E56881C8,562,1,,,VARCHAR2,String
55FBA3A8-C904-8727-39A7-858A5EB36415,Significant risk transfer indicator,424,SGNFCNT_RSK_TRNSFR_INDCTR,A3A3C77D-0366-9768-FF89-1C25E56881C8,562,1,,,VARCHAR2,String
DEB58F5D-C9E0-6C46-2D5F-9955421AF67E,"Simple, transparent and standardised (STS) securitisation indicator",425,STS_SCRTSTN_INDCTR,A3A3C77D-0366-9768-FF89-1C25E56881C8,562,1,,,VARCHAR2,String
D5F61F09-C310-4CBD-DBFB-7ABE4AC99E68,Software assets indicator,426,SFTWR_ASST_INDCTR,A3A3C77D-0366-9768-FF89-1C25E56881C8,562,1,,,VARCHAR2,String
8B8FD3F4-4D93-9D80-3C79-19E6C3367F1A,Software assets indicator (Input Layer),427,SFTWR_ASST_INDCTR_INPT,A3A3C77D-0366-9768-FF89-1C25E56881C8,562,1,,,VARCHAR2,String
0E5DF8E5-54C3-457C-AFE3-439D057AF244,Sources of encumbrance - Input Layer,428,SRC_ENCMBRNC_INPT,A3A3C77D-0366-9768-FF89-1C25E56881C8,562,2,,,VARCHAR2,String
633575D7-6D71-0889-6C6B-F95EFD65004D,String-ASCII up to 250 characters,429,STRNG_ASCII_250,A3A3C77D-0366-9768-FF89-1C25E56881C8,562,250,,,VARCHAR2,String
bedac99c-65df-4709-835b-fbf0381d048e,"String up to 120 characters limited to letters (capital and low cases), numbers, dash and underscore",430,STRNG_120_ID,A3A3C77D-0366-9768-FF89-1C25E56881C8,562,120,,,VARCHAR2,String
5B032320-5201-9F8C-998B-035ADD0AB08B,String up to 12 characters - ISIN,431,STRNG_ISIN_12,A3A3C77D-0366-9768-FF89-1C25E56881C8,562,12,,,VARCHAR2,String
04F38763-DBE9-71CA-60CC-8AE479375450,String up to 255 characters - latin extended,432,STRNG_LTN_EXT_255,A3A3C77D-0366-9768-FF89-1C25E56881C8,562,255,,,VARCHAR2,String
b0b29fe0-ac43-4c33-a669-3fb4b4556d0f,String up to 50 characters,433,STRNG_50,A3A3C77D-0366-9768-FF89-1C25E56881C8,562,50,,,VARCHAR2,String
12DFCE00-085A-4E8C-BE55-52350D849DA7,"String up to 60 characters limited to letters (capital and low cases), numbers, dash and underscore",434,STRNG_RSTRCTD_ID,A3A3C77D-0366-9768-FF89-1C25E56881C8,562,60,,,VARCHAR2,String
3F7F6D3B-5B13-4083-88F5-199A70EB98D8,String with 18 characters (capital letters or digits) followed by 2 digits,435,STRNG_PTTRN_LEI,A3A3C77D-0366-9768-FF89-1C25E56881C8,562,20,,,VARCHAR2,String
6A314511-6688-B988-6849-728C611D9FA5,Structured note indicator,436,STRCTRD_NT_INDCTR,A3A3C77D-0366-9768-FF89-1C25E56881C8,562,1,,,VARCHAR2,String
664d777f-f57e-42bb-bc40-7087b0db40ed,Structured note indicator (Input Layer),437,STRCTRD_NT_INDCTR_INPT,A3A3C77D-0366-9768-FF89-1C25E56881C8,562,1,,,VARCHAR2,String
2D4D0542-0954-4C82-9231-4447DC95A6DE,Subdomain for domain ISO-4217 Currency Codes (ISO4217 Domain),438,ISO4217,A3A3C77D-0366-9768-FF89-1C25E56881C8,562,3,,,VARCHAR2,String
9af1c1d9-7914-4052-866a-ee27f7d5380d,Subdomain for domain ISO-4217 Currency Codes (ISO4217 Domain) (Input Layer),439,ISO4217_INPT,A3A3C77D-0366-9768-FF89-1C25E56881C8,562,3,,,VARCHAR2,String
CC130ADF-A8E8-DDD1-30A1-ABADCA0C63DC,Subject to impairment indicator,440,SBJCT_IMPRMNT_INDCTR_F_04.08_SBJCT_IMPRMNT_INDCTR_REF,A3A3C77D-0366-9768-FF89-1C25E56881C8,562,1,,,VARCHAR2,String
F37EA0A2-1459-7303-E007-00920643CB82,Subject to impairment indicator (Input Layer),441,SBJCT_IMPRMNT_INDCTR_INPT,A3A3C77D-0366-9768-FF89-1C25E56881C8,562,1,,,VARCHAR2,String
FD894261-69B0-ADD1-BFE7-688EE053F7E1,Subject to operating lease indicator,442,SBJCT_OPRTNG_LS_INDCTR,A3A3C77D-0366-9768-FF89-1C25E56881C8,562,1,,,VARCHAR2,String
B6D12D58-AEC0-7205-A905-C67489FA9B81,Subject to operating lease Indicator (Input Layer),443,SBJCT_OPRTNG_LS_INDCTR_INPT,A3A3C77D-0366-9768-FF89-1C25E56881C8,562,1,,,VARCHAR2,String
FA2F0B8B-27AA-8340-CCE3-031C5FF66E03,Subordinated debt indicator,444,SBRDNTD_DBT_ANCRDT_CLLCTN,A3A3C77D-0366-9768-FF89-1C25E56881C8,562,1,,,VARCHAR2,String
2229f50a-942c-452d-81d8-69068913a6c5,Subordinated debt indicator (Input Layer),445,SBRDNTD_DBT_INDCTR_INPT,A3A3C77D-0366-9768-FF89-1C25E56881C8,562,1,,,VARCHAR2,String
5d507c55-042d-41d3-88fc-7cb862bd3e88,"Subsidiary, joint venture and associate Other organisation role assignment",446,SBSDRY_JNT_VNTR_ASSCT_OTHR_ORGNSTN_ASSGNMNT_TYP,A3A3C77D-0366-9768-FF89-1C25E56881C8,562,1,,,VARCHAR2,String
209929D7-40E1-CB69-3EB6-5B18C2C79A9C,Syndication or sub-participation member instrument indicator,447,SNDCTN_SB_PRTCPTN_MMBR_INSTRMNT_INDCTR,A3A3C77D-0366-9768-FF89-1C25E56881C8,562,1,,,VARCHAR2,String
86DBAADC-FB89-907B-507E-0A21DA4E8419,Syndication or sub-participation member instrument indicator (Input layer),448,SNDCTN_SB_PRTCPTN_MMBR_INSTRMNT_INDCTR_INPT,A3A3C77D-0366-9768-FF89-1C25E56881C8,562,1,,,VARCHAR2,String
FB51828D-7144-6FF9-D5B5-CFF45AE431C6,Synthetic securitisation type,449,SNTHTC_SCRTSTN_TYP,A3A3C77D-0366-9768-FF89-1C25E56881C8,562,1,,,VARCHAR2,String
D351524A-EC85-A565-2F10-0CB17DA690C2,Tax asset type,450,TX_ASST_TYP,A3A3C77D-0366-9768-FF89-1C25E56881C8,562,3,,,VARCHAR2,String
B29D9637-E98F-C2B4-13CF-C85288AA6FB4,Tax liability type,451,TX_LBLTY_TYP,A3A3C77D-0366-9768-FF89-1C25E56881C8,562,3,,,VARCHAR2,String
2D78140A-6EE2-6EF2-2B3A-1B844CC7FA64,Time elapsed since initial recognition band,452,TM_SNC_INTL_RCGNTN,A3A3C77D-0366-9768-FF89-1C25E56881C8,562,2,,,VARCHAR2,String
BC36EB98-E208-EE27-33E5-2ACABFC988B9, Time elapsed since initial recognition band (Input layer),453,TM_SNC_INTL_RCGNTN_INPT,A3A3C77D-0366-9768-FF89-1C25E56881C8,562,2,,,VARCHAR2,String
52A45C75-DF77-9D1F-D4FA-0C403CFC649C,Time past due band,454,TM_PST_DU_BND,A3A3C77D-0366-9768-FF89-1C25E56881C8,562,4,,,VARCHAR2,String
E20FEC93-B6E7-7100-98DC-BA79E861520E,Time since initial recognition (Input Layer),455,TM_SNC_INTL_RCGNTN_INPT,A3A3C77D-0366-9768-FF89-1C25E56881C8,562,2,,,VARCHAR2,String
E0EDE52B-099B-04E7-7DF6-40CFBC0CAF66,Trade receivable type,456,TRD_RCVBL_TYP,A3A3C77D-0366-9768-FF89-1C25E56881C8,562,4,,,VARCHAR2,String
33A0F2CF-E58B-9798-2B59-A99DE3C24189,Tranche in a synthetic securitisation type,457,TRNCH_SYNTHTC_SCRTSTN_TYP,A3A3C77D-0366-9768-FF89-1C25E56881C8,562,1,,,VARCHAR2,String
B9FFCE33-6A57-04E7-5388-7ED9EEB508B7,Tranche in a synthetic securitisation without SSPE type,458,TRNCH_SYNTHTC_SCRTSTN_WTHT_SSPE_TYP,A3A3C77D-0366-9768-FF89-1C25E56881C8,562,1,,,VARCHAR2,String
FB86FAA8-E2AC-4D83-B1E1-60A9F1FCA8EB,Transferred asset leg Instrument assignment type,459,TRNSFRRD_ASST_LG_INSTRMNT_ASSGNMNT_TYP,A3A3C77D-0366-9768-FF89-1C25E56881C8,562,1,,,VARCHAR2,String
DE64659E-CDFF-9759-7B17-F81A16C45F19,Transferred asset leg type,460,TRNSFRRD_ASST_LG_TYP,A3A3C77D-0366-9768-FF89-1C25E56881C8,562,1,,,VARCHAR2,String
BAC24BD5-93CD-9579-119D-83D1FEE3CC48,Transfers between impairment stages,461,TRNSFR_IMPRMNT_STGS_F_12.02_TRNSFR_IMPRMNT_STGS_REF,A3A3C77D-0366-9768-FF89-1C25E56881C8,562,1,,,VARCHAR2,String
3D2C44FB-1786-45C4-A183-DFBB9CC6854F,Treatment of transferred assets in balance sheet,462,TRTMNT_TRNSFRRD_ASSTS_BLNC_SHT,A3A3C77D-0366-9768-FF89-1C25E56881C8,562,1,,,VARCHAR2,String
78662C1E-BC73-A4A4-ED19-DA15CB88B2B7,Treatment of transferred assets in balance sheet (Input layer),463,TRTMNT_TRNSFRRD_ASSTS_BLNC_SHT_INPT,A3A3C77D-0366-9768-FF89-1C25E56881C8,562,1,,,VARCHAR2,String
295E1107-1BD3-8580-6B76-71982E028BBD,Type of abstract instrument role (Input Layer),464,ABSTRCT_INSTRMNT_RL_TYP_INPT,A3A3C77D-0366-9768-FF89-1C25E56881C8,562,3,,,VARCHAR2,String
19f43c0c-0246-48e7-9cc5-b4991b44e984,Type of amortisation (Input Layer),465,TYP_AMRTSTN_INPT,A3A3C77D-0366-9768-FF89-1C25E56881C8,562,1,,,VARCHAR2,String
14a53626-5051-48c4-9f5f-27de8fe64abf,Type of asset provided as security,466,TYP_ASST_SCRTSTN_INPT,A3A3C77D-0366-9768-FF89-1C25E56881C8,562,5,,,VARCHAR2,String
562AEEC9-B1D4-AD2D-FBCD-265166A240EE,Type of asset provided as security (Input Layer),467,TYP_ASST_SCRTSTN_INPT_WNA,A3A3C77D-0366-9768-FF89-1C25E56881C8,562,5,,,VARCHAR2,String
148b4f04-733a-4246-a7ab-34777312ff3a,Type of commitment (Input Layer),468,TYP_CMMTMNT_INPT,A3A3C77D-0366-9768-FF89-1C25E56881C8,562,2,,,VARCHAR2,String
948F41C2-2D1C-D1A6-5555-F7C4988D5F37,Type of commitment - full domain,469,TYP_CMMTMNT,A3A3C77D-0366-9768-FF89-1C25E56881C8,562,2,,,VARCHAR2,String
235E03E9-5AD6-4202-843F-1BE56BA86D30,Type of credit facility,470,TYP_CRDT_FCLTY,A3A3C77D-0366-9768-FF89-1C25E56881C8,562,2,,,VARCHAR2,String
749415A8-8C37-B482-D900-84839AF8C965,Type of economy (Input Layer),471,TYP_ECNMY_INPT,A3A3C77D-0366-9768-FF89-1C25E56881C8,562,1,,,VARCHAR2,String
B92F3A2E-82C9-50B6-5CC8-593B65C5DDA5,Type of group (Input Layer),472,TYP_GRP_INPT,A3A3C77D-0366-9768-FF89-1C25E56881C8,562,2,,,VARCHAR2,String
5a3d5ddf-993e-4140-8c68-0f78a0b0c5bb,Type of hedge,473,TYP_HDG_BIRD,A3A3C77D-0366-9768-FF89-1C25E56881C8,562,2,,,VARCHAR2,String
199BBC13-4103-054D-0047-70613A2EE731,Type of hedge (Input layer),474,TYP_HDG_INPT,A3A3C77D-0366-9768-FF89-1C25E56881C8,562,2,,,VARCHAR2,String
978AA7B8-E924-68A1-D9A9-0EE9D50AA663,Type of identifier for the security,475,TYP_INSTRMNT_ID,A3A3C77D-0366-9768-FF89-1C25E56881C8,562,13,,,VARCHAR2,String
AD9BFCA8-73D0-8C42-704B-0B456233FAEA,Type of instrument (Input layer),476,TYP_INSTRMNT_INPT,A3A3C77D-0366-9768-FF89-1C25E56881C8,562,4,,,VARCHAR2,String
cc529c70-1b15-42f1-87fe-b8649167e24a,Type of long security position Prudentiial Portfolio assignment Accounting classification for financial assets assignment (Input Layer),477,TYP_LNG_SCRTY_PSTN_PRDNTL_PRTFL_ASSGNMNT_ACCNTNG_CLSSFCTN_FNNCL_ASSTS_ASSGNMNT_INPT,A3A3C77D-0366-9768-FF89-1C25E56881C8,562,1,,,VARCHAR2,String
f6e2241e-7c9a-4bb0-909c-a47b781954b1,Type of master agreement Entity role (Input Layer),478,TYP_MSTR_AGRMNT_ENTTY_RL_ASSGNMNT_INPT,A3A3C77D-0366-9768-FF89-1C25E56881C8,562,1,,,VARCHAR2,String
a2bb516d-f352-4217-a4ec-6d521c122c99,Type of master agreement type (Input Layer),479,TYP_MSTR_AGRMNT_INPT,A3A3C77D-0366-9768-FF89-1C25E56881C8,562,1,,,VARCHAR2,String
263C0E22-FAB5-4811-A3D7-E21FCAD40B23,Type of non-financial asset,480,TYP_NN_FNNCL_ASST,A3A3C77D-0366-9768-FF89-1C25E56881C8,562,4,,,VARCHAR2,String
88B67394-E194-F98A-D71F-C3CD27CEA27C,Type of non-financial asset (Input Layer),481,TYP_NN_FNNCL_ASST_INPT,A3A3C77D-0366-9768-FF89-1C25E56881C8,562,4,,,VARCHAR2,String
7A96CE36-15B2-6277-E38C-30B7B483B2B7,Type of non-financial liability (Input Layer),482,TYP_NN_FNNCL_LBLTY_PRVSN_INPT,A3A3C77D-0366-9768-FF89-1C25E56881C8,562,4,,,VARCHAR2,String
491DE695-3D89-4A78-9685-08F87E215092,Type of non-financial liability or provision,483,TYP_NN_FNNCL_LBLTY_PRVSN,A3A3C77D-0366-9768-FF89-1C25E56881C8,562,4,,,VARCHAR2,String
2FF9D284-EC88-E41C-EC9F-F3B5286842B1,Type of Party (Input Layer),484,TYP_PRTY_INPT,A3A3C77D-0366-9768-FF89-1C25E56881C8,562,6,,,VARCHAR2,String
8BEB18D1-4EC5-4643-B4F3-1EBBFB071829,Type of product for debt securities issued,485,TYP_PRDCT_DBT_SCRTS_ISSD,A3A3C77D-0366-9768-FF89-1C25E56881C8,562,3,,,VARCHAR2,String
94DE6B06-A15F-F148-568D-8D1F2DB526E8,Type of protection valuation approach (Input Layer),486,TYP_PRTCTN_VLTN_APPRCH_INPT,A3A3C77D-0366-9768-FF89-1C25E56881C8,562,1,,,VARCHAR2,String
5C3CD3A8-221A-0775-6F67-5CE1B24918CE,Type of risk (Input Layer),487,TYP_RSK_INPT,A3A3C77D-0366-9768-FF89-1C25E56881C8,562,1,,,VARCHAR2,String
A5DF5921-9313-8761-E316-E39022D169ED,Type of risk for derivatives,488,TYP_RSK_DRVTVS,A3A3C77D-0366-9768-FF89-1C25E56881C8,562,1,,,VARCHAR2,String
cacfb205-bf7a-412e-9dc1-6ce0d61f7f24,Type of security or exchange tradable derivative(Input Layer),489,TYP_SCRTY_EXCHNG_TRDBL_DRVTV_INPT,A3A3C77D-0366-9768-FF89-1C25E56881C8,562,2,,,VARCHAR2,String
E6EDA968-3652-1DFB-1110-7EF5128BEBBC,Type of security position (Input Layer),490,TYP_SCRTY_PSTN_INPT,A3A3C77D-0366-9768-FF89-1C25E56881C8,562,1,,,VARCHAR2,String
20b3cb61-fe0f-4572-add2-d43918dc23ff,Type of specific securities borrowing and lending transaction including cash as collateral component (Input Layer),491,TYP_SCTRY_BRRWNG_LNDNG_TRNSCTN_INCLDNG_CSH_CLLTRL_INPT,A3A3C77D-0366-9768-FF89-1C25E56881C8,562,1,,,VARCHAR2,String
2C582793-822A-A0FA-AC6E-B22B8AEEABBF,Under construction or development indicator,492,UNDR_CNSTRCTN_DVLPMNT_INDCTR,A3A3C77D-0366-9768-FF89-1C25E56881C8,562,1,,,VARCHAR2,String
2107D397-2A5A-0003-C5E0-98E67DC045E2,Under construction or development indicator (Input Layer),493,UNDR_CNSTRCT_DVLPMNT_INDCTR_INPT,A3A3C77D-0366-9768-FF89-1C25E56881C8,562,1,,,VARCHAR2,String
DOM3000004,Unknown,494,,LOGDT017,496,,,,UNKNOWN,unknown
32160F4F-B3D4-9336-1EEE-D04214DBEE06,Year,495,YR,LOGDT007,509,4,,,DATE,Date
